id,Gis_X,Gis_Y,Longitud_X_WGS84,Latitud_Y_WGS84,Incidència,Situació,Tipus tram/carrer,Codi Grafo,Barri,Districte,Carrer,Numero Postal,Ubicació,Tipus,Quantitat,Mesura,ALP Central,ALP Façana,Adossat a façana (<0.50m),Llargada,Amplada,Amplada Gual,Amplada Pas de Vianants,Tipus Pas de Vianants,Alçada,Amidament,Mesura mínima,Pendent Longitudinal,Pendent Transversal,Pendent,Grao / Desnivell,Tipus Direccional,Tipus Botons,Falta Direccional,Falta Botons,Detall_Altres,Profunditat,Cas No Compleix Mesura Longit.,Cas No Compleix Mesura Transv.,Senyalització Horitzontal,Senyalització Vertical,Reserva Accesible,Accesibilitat
1,-1.249763847197321,-0.4275177904441548,-1.2512951626370221,-0.4357885839701422,-0.7726841659799695,-1.0069083047789449,0.9979997242706058,0.23890102815376757,-0.44523452192383156,1.544120063080141,1.0436544606003448,-0.6181667191493192,1.1591656345290715,-0.5315516288736034,-0.22673196075074517,0.06612326975439276,-7.636631878613599,-0.20588625592671342,0.0,-0.008946803584533347,-0.024010727216198485,-1.6910393556957009,4.912895588931706,-2.096905774675067,0.08227466522019186,3.1701658902811145,-1.7245373163546063,4.38800159205753,5.0265377325831535,0.3050550772061488,0.0,-3.4393041128519304,-6.665954240153542,1.503452500993924,6.243187781661824,-0.6277378932663069,3.369664328034699,2.304797169227027,12.533154935524252,-11.32123391477316,-68.29492580888333,31.906849320236596,0
2,-1.030270995125027,0.8847008928777383,-1.047031058521087,0.8735526956119744,-1.2634730975902306,0.9931390924613914,-0.9814078388077998,-0.7685273463113154,0.2352187969461537,0.10215801244220213,-0.7212203833601492,1.006091530092476,0.04039282772897329,2.2328652058041993,-0.22673196075074517,0.06612326975439276,-14.523933273928053,-0.20588625592671342,0.0,-11.405104098753178,-10.529806212550811,-3.95186141329894,5.228422697474267,-2.784142526315682,-2.2923358592119105,-2.152825760268858,2.6479421579974254,2.3850277599708165,3.869909550029097,0.3050550772061488,0.0,1.2675651096977472,-2.1335182673619446,-0.40609268585724667,7.144560630884747,-4.726803490311937,-2.4164153512236073,-2.4556604956998815,7.179883231554985,-32.040259013010015,-51.05580069451784,26.093847745276765,1
3,-0.6299046585439845,-0.854970863292107,-0.6229273021334095,-0.856785145766771,1.1904715604610745,0.9931390924613914,-0.5876400301413379,-0.30614974775821047,-1.192984048227378,-1.1436008757917693,-1.2016866213528117,-0.4865049659863924,2.285896695679804,-0.5315516288736034,-0.22673196075074517,0.06612326975439276,-8.432757821026968,-0.20588625592671342,0.0,-0.008946803584533347,-0.024010727216198485,0.7109549747458237,-2.653858063022903,-1.3619250087704033,0.08227466522019186,-1.7714036117732297,-7.86256593106342,2.4909339511870074,3.6529278035365444,0.3050550772061488,0.0,-1.1028927722073316,-5.380256674459906,-4.725175586738789,11.041068589029617,-12.144714363789943,0.3581154750880424,5.375644078749834,-0.3628643664914213,-8.16958610418395,-64.02994281277104,17.74210827205589,0
4,0.197720271415354,0.49297350759467623,0.19269776652776607,0.49288273749756056,1.1904715604610745,0.9931390924613914,0.014839547457047741,-1.2229167073897897,0.10311513069876917,0.23846448037506107,1.1973876413395688,1.5745999335277883,3.286448328206393,-0.5315516288736034,-0.22673196075074517,0.06612326975439276,-16.096440214771775,-0.20588625592671342,0.0,-0.008946803584533347,-0.024010727216198485,-2.317366762734658,-0.5320746746743845,-0.8005959189476037,0.08227466522019186,-1.758983394984265,1.8701430002151014,2.4346279590773863,7.407769175164557,0.3050550772061488,0.0,-4.781280075807991,-3.062936994541907,1.7928469010818269,7.606952689224546,-5.544475584917629,2.9654028375698145,-0.6554515031828538,8.706937023820153,-42.89952425458702,-65.99288570867272,29.11878087188707,0
5,0.5660519603753108,0.6009881439203381,0.561796499616001,0.6033491858756286,-1.2634730975902306,-1.0069083047789449,-0.35343086737678486,1.0597539731130259,0.10311513069876917,-1.2693946354999484,1.745388911457619,0.7863808511039501,5.895345208336357,2.4255853832939636,-0.22673196075074517,0.06612326975439276,-3.357986545659365,-0.20588625592671342,0.0,-8.941360606176083,0.9742860741641658,3.656091227289605,-3.698673332186363,-6.88741540025242,0.08227466522019186,-2.6545568159055044,-7.3606458937342625,0.447194566522213,6.52820168094521,0.3050550772061488,0.0,-2.338976974082753,-11.904781371631474,-2.7816570172474067,7.388590593518971,-4.608812560425751,4.009994607588584,-5.26242492664689,12.602161322763603,-5.6816869110745145,-71.42182036507816,45.27951286829399,1
6,-1.142396881013138,0.17463788028983845,-1.1508960316086903,0.16510513727303977,-0.7726841659799695,-1.0069083047789449,0.8380522143022977,-1.0863923095272738,-0.39538455350359514,-0.18310779840735014,-0.7289832356784629,-0.22557530971804668,5.842751451489413,-0.5315516288736034,-0.22673196075074517,0.06612326975439276,-13.338061060296484,-0.20588625592671342,0.0,-0.008946803584533347,-0.024010727216198485,-3.455252880778753,0.23782259577532727,-1.197900314403693,0.08227466522019186,2.095305347405729,0.6449349754064393,0.41039433853615803,1.7139848827946442,0.3050550772061488,0.0,-5.77008867959513,-2.1894398557345145,-3.7376475336347017,6.044089190389435,-11.104525727900178,-3.255226090670632,4.107832702756679,-3.046822763075957,-7.39015845085391,-37.03554655310942,19.407056067121786,0
7,-0.7621159506939501,0.800562547698918,-0.7762908547060273,0.7918595469420293,1.1904715604610745,0.9931390924613914,0.8830702186619626,-0.17057894222722547,0.3523649727999513,-0.44382809653624067,-0.09627184556124838,1.5745999335277883,1.3489979859983354,-0.5315516288736034,-0.22673196075074517,0.06612326975439276,-19.831895499799085,-0.20588625592671342,0.0,-0.008946803584533347,-0.024010727216198485,-0.8432647583543487,1.1754377636195192,-0.296036398450374,0.08227466522019186,3.0942314996811993,-5.5043650074690476,0.2987204163915117,2.435673110442622,0.3050550772061488,0.0,-5.4760042331540095,10.372412499926595,-2.7724896195788067,0.17020525807561224,-6.335405261768567,2.2552949234246045,-5.860481781936068,15.562988743356428,-35.071962282925696,-55.45245438562668,22.871963314974547,0
8,-0.8067505909325537,0.19435256809436668,-0.8136591449439641,0.18743404385924767,-1.2634730975902306,0.9931390924613914,-0.578008018269167,1.9107211046704071,-0.3035869401702622,1.088512093782124,-0.6582139148574957,-1.167054594095785,4.543705312652543,0.8798672157035493,-0.22673196075074517,0.06612326975439276,-20.917472947895128,-0.20588625592671342,0.0,9.512197110040043,-5.609251746946787,-4.710556930830744,-0.22172422548790438,-0.5344737814997513,-5.496133227181729,0.244236917710821,4.5476061369110266,1.45480898337794,0.030085721778154495,0.3050550772061488,0.0,2.985564860424482,2.875775827518453,3.802666454050801,8.025950075603156,6.418851091613089,0.5259984180263619,3.463434078330237,5.425554903176721,-42.97324997963353,-74.987143881632,10.60612614967267,1
9,0.35408154313389445,-0.16351124263232333,0.35779276655554854,-0.16008395756306684,0.2088936972405525,0.9931390924613914,0.7042973730827613,0.26693263526066446,-0.046434774561940124,0.9183061239587778,0.45905005221105066,-0.3692063131685122,2.4799463810276454,-0.5315516288736034,-0.22673196075074517,0.06612326975439276,2.126087886780727,-0.20588625592671342,0.0,-0.008946803584533347,-0.024010727216198485,-2.696692247532499,1.0295055345836914,-2.028050003232236,0.08227466522019186,-0.9613626669790536,2.2227509590619636,1.5430775880622039,0.9317072609103344,0.3050550772061488,0.0,-5.048012107402525,-11.843438022575407,-1.0001423785533419,6.864291867904623,-11.392220377438429,1.510189830649896,-3.997283839048326,-0.9897988855501114,-3.3782763462894465,-57.33324232368417,11.70672696349835,0
10,0.07649308618261538,-1.4986905590932005,0.09482509719508325,-1.4927107895581473,-1.2634730975902306,0.9931390924613914,-0.8334500579376887,-1.333292682759004,-1.0932841113869052,0.27101173601363815,-0.2133334282073125,-0.3759576106380803,1.1609581695144813,0.9980019981096209,-0.22673196075074517,0.06612326975439276,0.6457339557565298,-0.20588625592671342,0.0,-0.008946803584533347,-0.024010727216198485,0.3036518567128823,1.5971472898879364,-2.9465471810847497,0.08227466522019186,1.1597508084184867,-1.360078710777497,4.599082359724655,6.385644226333057,0.3050550772061488,0.0,-1.7596468935320502,-11.139620683429778,1.4940076632100583,7.18457769624848,-1.7063700550893746,0.11648938572843504,-5.203105624094707,-0.1224116793145349,-53.018810715655654,-64.07662954815402,20.96046819703257,1
11,-0.2131769094343754,0.7231241130177141,-0.22332498803456627,0.7190145609498967,-1.2634730975902306,0.9931390924613914,-0.9783913417184368,0.12999026309755224,0.2521452418269345,0.4683339333704697,0.21681821677974578,1.3406016938911522,5.459695958299135,0.9980019981096209,-0.22673196075074517,0.06612326975439276,-9.348603857917313,-0.20588625592671342,0.0,-0.008946803584533347,-0.024010727216198485,0.9377136743430086,-0.16708652188337325,-4.475978122224971,0.08227466522019186,-3.8700443663413933,0.8510558121752005,1.0794064939605896,1.0024604265863435,0.3050550772061488,0.0,1.6179713325962393,-11.19964122291503,-1.6427438559782406,4.170632075328915,3.603140575783158,-1.727383879698623,4.50825489321146,14.668329151339773,-49.58449466942994,-79.4809418373456,28.020634058757743,1
12,-0.17639269107954048,0.6766993841844409,-0.18565040568134183,0.6730227304393475,-1.2634730975902306,0.9931390924613914,1.3472145527932087,0.9512553614245665,0.0029752627680843524,1.3210350408808016,0.33624487340961573,-1.4248941885294342,0.16781936179039708,1.2457296055344043,-0.22673196075074517,0.06612326975439276,-14.125075964474922,-0.20588625592671342,0.0,-9.607001410592627,-10.428694793406036,0.47133445715463296,4.931839575409372,-3.9871202560915333,-3.324704484707463,0.7617799963070713,-1.4883310449347436,4.895722871888224,5.042084232571028,0.3050550772061488,0.0,3.572887306511099,-3.4275785606277918,-2.40561423822383,9.438708977155152,-6.515369972294577,2.6891557199788103,1.376274882004778,11.033031514100834,-0.8949875126842457,-11.725436126041132,0.664630536687537,1
13,1.813096631298379,1.033418490251855,1.8108908491735884,1.0436188842130452,-0.7726841659799695,-1.0069083047789449,1.054761238711444,0.5906415188197709,1.2995143727844434,0.21778699930293932,1.4766172961516288,1.5745999335277883,0.03236295524750865,-0.5315516288736034,-0.22673196075074517,0.06612326975439276,2.2939955203577505,-0.20588625592671342,0.0,-0.008946803584533347,-0.024010727216198485,3.275560373291836,2.864412863541099,-3.6992872937556185,0.08227466522019186,1.0952343401050797,-5.420051090286661,0.0899204761071887,7.263119610911206,-3.3351807171566556,0.0,0.6837185527205509,-3.0378456601840753,6.025420302904216,5.231280097939298,5.043826489485205,-0.2694953194955212,-5.333990050472458,16.07880179479818,-5.156300795036202,-35.435971632080694,12.326747995808503,0
14,0.03482096303957897,0.02413175205980963,0.03455972900150059,0.02443073799828381,0.6996826288508136,-1.0069083047789449,-0.7401492767759386,1.82141618940094,-0.046434774561940124,0.634670990332006,-0.6766930381481147,1.4022427293872297,0.28843207065361953,-0.5315516288736034,-0.22673196075074517,0.06612326975439276,3.459100120081697,-0.20588625592671342,0.0,-0.008946803584533347,-0.024010727216198485,2.9501134747203066,-2.4606221840339573,-4.153194804396325,0.08227466522019186,4.915419129380791,-4.930045509312195,3.6680895119743777,2.319098805308707,0.3050550772061488,0.0,3.8414950971731443,-2.3108715752983393,-2.081702444941259,8.263654413136544,-8.683440370886116,-1.4820996003711615,3.4200093050273273,1.4757831615277048,-48.06596695512607,-11.034784484539372,42.215378008792186,0
15,-0.6392073778533123,-0.049394888783094025,-0.6422026847237067,-0.05412279564224733,0.2088936972405525,0.9931390924613914,0.8280533627297113,0.1819473413826289,-0.2956846166631223,-0.7595842001294577,-0.3639976569166317,-0.7522223223697537,2.6918012110792935,-0.5315516288736034,-0.22673196075074517,0.06612326975439276,-6.586806325706712,-0.20588625592671342,0.0,-0.008946803584533347,-0.024010727216198485,-1.1754940505679388,4.966702638217095,-6.322962506770282,0.08227466522019186,3.3807958502485773,-3.962550579579239,1.9000568013178378,1.1683726260010836,0.3050550772061488,0.0,-4.8684906731380515,3.552706738467748,2.913350134845473,3.3984627670384246,-3.964095016784176,-3.2578255370307563,-5.227158203285915,-3.8980278468094207,-24.686697672591638,-81.31544913795646,6.61801862837102,0
16,-1.0378467071676505,-1.6881606171508092,-1.022593080265642,-1.6902931032899637,-1.2634730975902306,-1.0069083047789449,0.49139326952434215,-0.6914862538212246,-0.9260078230368686,-1.4158954389284641,0.46567009352932176,-0.44053449769393255,2.8658973518623476,0.6178686282271312,-0.22673196075074517,0.06612326975439276,-16.396168502336216,-0.20588625592671342,0.0,-0.008946803584533347,-0.024010727216198485,2.9760966234860993,-0.5434409852663182,0.12719029555274197,0.08227466522019186,-4.047895367299984,4.5976131281402175,3.333882881245943,4.627778680507693,0.3050550772061488,0.0,-3.8572249240214673,-3.1810879788964037,2.330888122068707,6.918520546753337,1.8892365231683037,-1.4006168511998898,0.06353946647893505,3.331915686234284,-25.141872254034197,-25.70737245163037,40.54938045916167,1
17,-0.42867753570913814,0.7700877174599822,-0.44058659504342934,0.7641313320731424,2.1720494236815964,-1.0069083047789449,1.440173168025324,1.047101766556806,0.2526650359594784,-1.1313420231502267,1.31765509565937,-1.1400260316860107,0.4511206763977071,0.08026982191968628,-0.22673196075074517,0.06612326975439276,0.6987251906565142,-0.20588625592671342,0.0,-0.008946803584533347,-0.024010727216198485,3.3331307458212835,4.078866340229862,-4.591698448525607,0.08227466522019186,-3.3361418744756586,-6.460803875361835,0.9448252755521788,3.0883447130140893,0.3050550772061488,0.0,-0.28811804697025156,1.5854559960591441,-2.0798679235253426,7.571057634879797,-6.913698965980375,3.339121823667723,-0.9899421263831911,16.768364913277292,-27.894436590595006,-35.9862497310584,27.191787686756275,0
18,-0.492035407622185,0.56223952742763,-0.5017607514281357,0.5565125224039387,-1.2634730975902306,0.3637360819090498,0.1496290630802357,-0.7181757526832503,0.23419004419522343,0.10240516655009713,1.0237608229192663,0.6168353729116421,0.25655188572529125,1.1584491386711955,-0.22673196075074517,0.06612326975439276,-3.043164627081822,-0.20588625592671342,0.0,-10.719114196936937,-0.024010727216198485,0.5823758631871438,3.0868502692448017,-6.838967974116945,-4.267798039385099,4.159284034474983,-3.857489129906744,1.3664658008724573,1.0972274537986222,0.3050550772061488,0.0,3.583923425106496,8.072037094118786,2.327154838082711,2.7922156044468682,-12.21975423373098,-1.6861911478617362,-1.0498193027177187,-0.15257316177099245,-12.85526451279567,-75.63942524455646,44.10514204460748,1
19,-0.6219537838157715,0.4023127769306161,-0.6304231170506578,0.39612789209599986,-0.28189523436970854,0.9931390924613914,0.320504723204851,-0.5487756624534161,-0.24583464824288584,1.0081989400553488,1.499624983064982,-1.0753920801333012,3.389266926940048,1.3039127235062657,2.494982829816932,0.06612326975439276,-15.206006870222405,2.4270977086330654,0.0,-0.008946803584533347,-0.024010727216198485,-3.433775741629098,4.96176050824532,-2.962232124869506,0.08227466522019186,3.626119637539488,-4.030939026542559,3.4606807711841476,4.296922538117298,0.3050550772061488,0.0,-4.1541104497150805,-4.250581048793318,0.8570399956886208,0.1815718061717738,7.106494679976336,3.085003408556875,4.433663053658441,-3.1219472748947337,-19.356775311510738,-64.54574545600045,10.834057227134462,0
20,-0.6460820214953205,0.7133199265616126,-0.6585171156247402,0.7058443318541536,-1.2634730975902306,-1.0069083047789449,-0.5473790871496902,1.7649006604290283,0.258357587628131,1.3887479133449414,1.1162088032577415,0.6111466931407181,0.7831960226970796,0.7940615145118576,-0.22673196075074517,0.06612326975439276,5.173130635654253,-0.20588625592671342,0.0,15.513381698053845,-9.95267483678844,2.6116121064254196,1.2139662522172845,-0.8745013527235121,0.042320704944645016,2.432766984829178,4.3437462620136,0.6757100140961015,2.3224668890844304,0.3050550772061488,0.0,0.10883393158495913,-11.804362363779079,-4.038420503434148,1.9665487978350988,-1.9856770602018976,0.25261455268742106,4.2274765982918,-4.146729705990248,-4.13001622088715,-71.35849575962057,5.369716960195106,1
21,1.2525631144521026,1.9912361309510365,1.2359367073645484,1.9938988743177817,1.1904715604610745,0.9931390924613914,1.3974894273404441,-1.1882811134484115,1.1998144359439706,-0.6618553160392482,-1.4537253734490905,1.3759103787546443,5.828236378323896,-0.5315516288736034,-0.22673196075074517,0.06612326975439276,-15.678995113775368,-0.20588625592671342,0.0,-0.008946803584533347,-0.024010727216198485,4.04105497109686,0.28627646208893065,-1.7411171653895536,0.08227466522019186,-3.968641232908182,-7.9425474916282575,1.5917716280953254,0.4450907442477158,0.3050550772061488,0.0,1.972902516364618,4.847478009236893,6.221487833049343,7.809560215646766,-6.644766443417653,3.515227415741064,-5.853322207679994,13.213121997483729,-33.19144035280266,-55.04398862637598,17.176833287827442,0
22,0.46803808498938326,-0.24779122374161208,0.4733634484916595,-0.24319228620161187,-1.7542620292004916,-1.0069083047789449,1.1175442881398174,1.4569602790602723,-1.3425339534880874,-1.2892811702959255,0.11288894456014487,0.016203546090237008,5.151020595055023,-0.5315516288736034,-0.22673196075074517,1.2224502817447718,3.6388051070578094,-0.20588625592671342,0.0,-0.008946803584533347,-0.024010727216198485,0.3707626147225964,1.3088859941192812,-5.692587023683407,0.08227466522019186,3.7593439065778087,-7.661910073663897,2.4904411650700244,0.11333801567248669,0.3050550772061488,0.0,-6.113396044333992,10.855604967036461,0.027277017869200115,1.0639647691498415,3.2628629017721558,3.5518662155029492,-6.067068051906328,-0.39654045330317356,-38.84204062616879,-56.047893448281435,19.23145258280337,0
23,0.5145536819330934,1.9755675987691261,0.4936418797583957,1.9726848633706322,-1.2634730975902306,0.9931390924613914,-0.3721572362249356,0.5916760574475033,0.9301579459994287,0.3623228420050921,0.25321573401211983,0.14617136453964719,1.0693270129403782,0.9980019981096209,-0.22673196075074517,0.06612326975439276,-16.903629718321064,-0.20588625592671342,0.0,1.2230352382000858,-0.7040134033035272,1.1321846393540893,2.8007245089226718,-5.450363387501518,-11.646896823531746,-2.728994835922868,-4.376294781786781,0.12846206227934961,4.479110523226393,0.3050550772061488,0.0,-1.8412704221181686,4.411511622882147,-1.2729943978462277,10.642727094977133,-5.379730104956979,4.294318623425883,1.3549880620088732,12.90211119300179,-21.738407735950226,-38.8928512601662,14.130933855862784,1
24,0.1416549778222268,-1.547599830520569,0.16089311049571486,-1.5409412066481143,-1.2634730975902306,0.9931390924613914,0.05197650809299459,1.7531690328047556,-1.0932841113869052,-0.37080558368287586,1.0055094440322083,1.494087632198931,3.761810575622403,0.9980019981096209,-0.22673196075074517,0.06612326975439276,-3.624829604426562,-0.20588625592671342,0.0,-0.008946803584533347,-0.024010727216198485,-3.2887663500636624,2.65915923597111,-6.980237688067778,0.08227466522019186,2.408652164177549,-5.4523132862059125,0.9575405320356566,7.227665543644794,0.3050550772061488,0.0,-1.4339563976496503,6.475538536543459,3.7464125046336108,6.896703681171507,3.7508613548632574,2.259834296530501,3.7556091921929644,0.3114715540947586,-7.686972569009967,-79.0187886355111,17.900290830878227,1
25,-0.18759225932398957,0.48502914785267554,-0.19465678926094412,0.48195570370273505,-1.2634730975902306,0.6234203018499487,1.2008338830403047,-0.639926171821097,0.18438503426925176,-0.08394440773924217,0.9841226228398188,0.29109107398691947,1.7087589219286792,1.2618979454734727,-0.22673196075074517,0.06612326975439276,-7.711894777793388,-0.20588625592671342,0.0,-9.597879696730653,-0.024010727216198485,-2.8564461610512755,2.6627220413229713,-0.37236071514337876,-2.199341515258816,0.1479263995530138,2.68635945506035,0.9928356356874101,6.456868419655541,0.3050550772061488,0.0,-6.111910923943653,-2.1367294513934,-5.046836936275753,7.869232795668523,-4.0007701301711265,2.8268759669812376,-0.22764689957773854,3.1964003026281382,-0.6581588552582289,-66.49659434156126,6.418383686918431,1
26,-0.5139505071702588,0.7915330348731476,-0.5266062727443784,0.78482847991655,0.2088936972405525,-1.0069083047789449,0.6435977890039459,-0.6017943229415141,0.40221494122018775,0.2329439949364267,0.24361443838601562,1.5745999335277883,2.2333865510390805,-0.5315516288736034,-0.22673196075074517,0.06612326975439276,-12.143623467483966,-0.20588625592671342,0.0,-0.008946803584533347,-0.024010727216198485,3.733764799975913,2.251637428722364,-7.30879841587589,0.08227466522019186,2.3430715660225836,1.5453700970329152,2.593051297622274,4.341982839737895,0.3050550772061488,0.0,1.3291035232665713,-9.111909753308462,-1.0888843002648319,8.511711953155022,-1.6110372277152383,1.6469072826166284,-2.6755182740956642,9.674239202319127,-50.22546984311127,-35.425010002013224,30.775194488628305,0
27,0.8495707525679872,1.2101125941521402,0.839714542762891,1.2124867130481447,-1.2634730975902306,0.9931390924613914,-0.7518950870172258,1.392906406566595,0.8563950837351397,0.16008843910325687,0.7552526016416753,0.22444592162834398,0.15953993833798252,2.4255853832939636,-0.22673196075074517,0.06612326975439276,-11.63070788161118,-0.20588625592671342,0.0,15.535010684724032,7.786238416931431,-1.572668158949619,-3.9994125457866527,-4.316923882086169,0.08227466522019186,-0.8737654309318783,-1.414380333646836,2.156496543707565,4.887381076134055,0.3050550772061488,0.0,-5.267374622396993,-10.715573920193934,0.1871995278087537,11.078532001735056,-0.2775373738575819,-3.109207284930112,4.044170098525725,12.068094243177452,-2.6793814655247985,-10.50630328172251,27.575893219062177,1
28,-1.6791415307805944,-0.15147001851446093,-1.6864221340144172,-0.1641963034525082,-0.28189523436970854,0.9931390924613914,1.2322235125132037,0.021747864259951122,-0.495084490344068,1.4368156073406486,-1.4600001971527323,0.14307759913814824,2.050803332192974,1.0999722399085026,-0.22673196075074517,0.06612326975439276,4.795227191082702,-0.20588625592671342,0.0,-0.008946803584533347,-0.024010727216198485,-1.8772282695886666,-2.9600831568416606,-0.6093241811223553,0.08227466522019186,-3.2732450560207673,-4.3111143091578334,5.1249889282332735,2.987035577780034,0.3050550772061488,0.0,0.33051716611922277,-10.924356339323388,5.174457287264429,6.011646506230699,0.24820658164969522,3.6142942138735705,4.703907907399199,-2.432123104095462,-47.533560309202876,-52.515171890901904,14.454440526948032,0
29,0.18078171205887505,-1.53287527148434,0.20003264446275135,-1.5259662951163129,-1.2634730975902306,0.9931390924613914,-0.5570849622752074,0.46702047700206184,-1.0932841113869052,-0.8676967557253761,0.6065399368643476,-1.0724116202323315,3.0213024732750915,0.9980019981096209,-0.22673196075074517,0.06612326975439276,-11.223588858326023,-0.20588625592671342,0.0,-0.008946803584533347,-0.024010727216198485,2.5309522060589043,3.5524461717417015,-7.252198669134543,0.08227466522019186,-3.6564022537155867,-0.42883772903554984,1.0277975738942344,3.863908846038497,0.3050550772061488,0.0,0.8603057700285301,-4.137791767103645,4.199781545558107,8.918733909147914,-13.178479822066716,-0.166983696671283,-4.936349468012236,5.438851085172882,-26.595741212428262,-4.672316989996418,34.69869987617509,1
30,-0.8091047584766567,-1.8513363245294312,-0.7907153281643629,-1.8510620752579345,-1.2634730975902306,0.9931390924613914,-0.6910034762574303,-0.24567354102428784,-0.9935841745464322,0.39644410384720796,0.09148151630665313,-0.045818166340325456,5.697761714345283,0.9980019981096209,-0.22673196075074517,0.06612326975439276,4.678516120934379,-0.20588625592671342,0.0,-0.008946803584533347,-0.024010727216198485,-1.1753351987303011,-0.23810102085456064,-7.029287055160488,0.08227466522019186,3.0374039372364035,0.99105881369867,2.748208894248247,0.004177336817441563,0.3050550772061488,0.0,2.0750553779466223,-4.758913897736864,-5.980235395463808,10.88665490910759,6.681644510764464,-0.0813649886363832,-5.115417516084855,2.793996391335418,-11.093301109035835,-51.95572077457631,22.84349119284267,1
31,-0.40852357116885,0.7118277082016958,-0.4196044411961331,0.7062355844224588,-1.2634730975902306,0.9525402552015638,0.013261964186723318,-1.4156237983217717,0.2526650359594784,-0.8630158621895551,0.19327148155184726,1.4936340185019068,1.8278886243876644,0.7940615145118576,-0.22673196075074517,0.06612326975439276,-12.209807676211321,-0.20588625592671342,0.0,10.824009950308469,-9.947130008134161,0.5757663089524891,-0.6807938735804009,-5.644283452639342,0.08227466522019186,-0.9225721129377411,-0.5463328194205639,1.6736105454412817,3.5699002219046467,0.3050550772061488,0.0,-1.8006463331752975,11.060700266047514,3.1382814695406314,3.8961838698539153,-2.1999169577693714,1.6153772954297754,-2.407879705066404,-1.6912919895201957,-45.3275389571552,-9.137283134415554,28.806839728584936,1
32,0.7213978659836644,0.7483123976197271,0.7162684462709921,0.7513399502752126,-0.28189523436970854,0.9931390924613914,0.45458525669834215,0.9722547589300006,1.4490642780451528,-0.04201480320708528,-1.717267969002046,0.5596075091444984,0.18327708949380828,1.3039127235062657,2.494982829816932,0.06612326975439276,1.3748512581800192,1.1106057263531761,0.0,-0.008946803584533347,-0.024010727216198485,3.1295973174298526,1.8344547254180679,-1.6202045028856338,0.08227466522019186,1.1075333142282098,2.077348715397342,0.8248957956624202,5.635312265935122,0.3050550772061488,0.0,-0.8988314708456135,-7.03398431423387,6.108489417911265,0.3724852056694966,-12.54583806312277,-2.927329631164331,4.821549247766193,11.507996595825233,-32.79588185553591,-36.16400238823527,20.20691152942011,0
33,-1.1408497399650965,0.24892617580035192,-1.1501912277455635,0.23912281541002595,-1.2634730975902306,0.059914967762509486,-0.3399205022420859,-1.2396698812185258,-0.09623564416514213,-0.10646309629354755,1.280607246126204,1.1010034487004492,2.414520068599879,1.6641138397147595,-0.22673196075074517,0.06612326975439276,-6.451283454588808,-0.20588625592671342,0.0,9.31831505610503,11.158626036081488,-2.7530880790650887,0.6641098929443743,-3.758362663023577,-0.20164505904899632,2.5651992623342235,-5.726095822320454,1.2731468706943738,7.303022550896691,0.3050550772061488,0.0,2.8904763380737215,5.013674669105166,2.3095514617235136,4.023850480159516,-3.984688015119179,1.4968509519163042,-1.4998578649301768,15.991608549067681,-25.911759628721597,-16.688428439651915,31.471804677452624,1
34,0.6370069269087196,1.1791531621277365,0.626269613241515,1.1800177358130481,-1.2634730975902306,0.9225563456615813,-0.9300790802302185,0.7403098211868837,0.63679945806348,-0.39164832140456896,1.5475318434408412,0.16062473190372173,2.8761640731368177,2.4255853832939636,-0.22673196075074517,0.06612326975439276,-16.404265420723206,-0.20588625592671342,0.0,1.5598056356675827,-0.024010727216198485,-0.04020232527300749,4.983525281682439,-3.819026618866554,-3.1999531671344594,3.653585608081764,1.2207292902458935,3.1976750874162803,5.41195621018786,0.3050550772061488,0.0,-0.261594782368749,7.121676574021228,2.2797836636262137,6.560356847384137,-2.211208772688975,1.9059059300708352,5.4756094617560445,12.605291769212549,-11.685687400744783,-63.01171841297368,22.945519852379405,1
35,-1.4041850120041035,-1.4331808646536688,-1.393867125536339,-1.4391500421466927,0.6996826288508136,-1.0069083047789449,0.09737162482593686,1.7090721248596048,-0.7941843008654865,-1.494984146447737,-0.6442731156792987,-0.42187101443368297,4.377711488939543,-0.5315516288736034,-0.22673196075074517,0.06612326975439276,5.986262207485016,-0.20588625592671342,0.0,-0.008946803584533347,-0.024010727216198485,0.18627829489668812,-3.1259622624570853,-6.547560136570777,0.08227466522019186,-3.408457028824708,0.7283144163716031,2.588389040727332,5.148518493213267,0.3050550772061488,0.0,-0.7413030630740938,-3.908478627856427,-1.7217138746884046,4.1933293882649005,2.101539367926552,6.899815148466673,-0.36407665808360523,8.816834419922076,-3.8563057756896413,-44.35309025221975,12.042186170367282,0
36,-1.869480491446796,-0.44212705332134383,-1.8740657099766715,-0.4553827160208125,0.6996826288508136,-1.0069083047789449,-0.43269216191129223,-1.0028253616273233,-0.5947844271845408,-1.1324228661981812,-1.3188166638207919,-0.47453571569885367,5.0763740059671365,-0.5315516288736034,-0.22673196075074517,0.06612326975439276,-10.993126184815933,-0.20588625592671342,0.0,-0.008946803584533347,-0.024010727216198485,1.9636937892285244,4.449167022915324,-7.14012674771188,0.08227466522019186,-0.485227355145736,-5.732739652364327,2.6284680730349113,5.453242652661776,0.3050550772061488,0.0,-3.1964448342328895,-10.267041210644633,5.63414089914712,7.481330777364109,4.319631851278878,0.26804892602049124,-5.067902218100022,-0.9534262177069026,-52.55815061575112,-46.895535154603984,40.53206712301387,0
37,-0.7217166848366732,-0.4344940979632669,-0.7203979868310585,-0.43851801834717397,0.6996826288508136,-1.0069083047789449,-0.7742480840145823,1.6140747557036992,-0.3455345850833587,0.748981423409528,-1.2006408174022047,0.26277010201353623,0.29135779988273136,-0.5315516288736034,-0.22673196075074517,0.06612326975439276,-12.76120128740122,-0.20588625592671342,0.0,-0.008946803584533347,-0.024010727216198485,-2.831501736380004,1.9871921074190153,-0.5063327651850988,0.08227466522019186,3.3760903056917826,-3.955490828294969,0.8005678378897478,3.5073306944410367,0.3050550772061488,0.0,0.03711351192689172,1.4717838251771767,-2.233467303635118,5.899759538401634,-13.39508849936505,4.426392476475611,0.28711672481593453,7.970091732478286,-39.83136772435556,-31.911470064360188,2.562388298047101,0
38,-0.07666309741535449,0.4284829028511042,-0.08243009434847068,0.42648905505117146,-1.2634730975902306,-0.951935720864967,1.1940446845958674,1.1189663705931796,0.056005478908900355,0.6236947512022795,-0.8163133648822861,1.3906837026660275,3.9890248274051836,0.9980019981096209,-0.22673196075074517,0.06612326975439276,-13.821192624476787,-0.20588625592671342,0.0,-0.008946803584533347,-0.024010727216198485,-4.440792253927818,-1.2383183439456573,-2.3688805499958265,0.08227466522019186,-3.692573875719846,1.9062543134597547,5.37895002195354,2.798591351140864,0.3050550772061488,0.0,-5.832004544073289,-3.4117535109298665,1.2900476972031294,3.4726832808811317,-5.944432607325111,-1.8126480935024758,-2.845366983151032,1.5216427928524316,-52.0120243457397,-51.88883154669288,26.262711208030854,1
39,0.08833255533735818,1.5305524248338895,0.07018489728216726,1.5259450972473996,-1.2634730975902306,0.9931390924613914,-0.3328083112267871,1.1934594434137638,0.7335715064124688,-1.2860256466500348,-0.4822823348732702,1.5745999335277883,0.40688805548533497,-0.12367066167807694,-0.22673196075074517,0.06612326975439276,-1.8917141469898766,-0.20588625592671342,0.0,-0.008946803584533347,-0.024010727216198485,2.4824595109755574,-2.1099268496741175,-4.129964249182647,0.08227466522019186,-2.261480654804533,2.087141349926588,3.4277885455687556,4.233981817147055,0.3050550772061488,0.0,2.560756668821149,-5.131599914058114,6.1277861508456954,8.81830785632186,-4.892052689218753,6.315373751951975,0.8978897197082274,2.9050668636031665,-24.74467206396055,-42.782464194261195,22.079807669209046,1
40,0.02579620531775319,-1.4272959384755641,0.04302083825109282,-1.421957703798339,-0.28189523436970854,0.9931390924613914,1.4595921982258533,-0.8426370988755427,-1.0932841113869052,-1.0770639902793222,-0.8251971991343038,-0.42187101443368297,5.921777179240319,1.0999722399085026,-0.22673196075074517,0.06612326975439276,-8.830113548951156,-0.20588625592671342,0.0,-0.008946803584533347,-0.024010727216198485,1.0156410984661193,3.45723277128796,-6.596234750356144,0.08227466522019186,-0.12653861505597241,-2.8241917514179518,5.194737686460466,2.8392090525347555,0.3050550772061488,0.0,1.234680389415436,5.774641692996793,-0.9919346628778882,8.648352403424074,-5.426072703451988,-2.3595006689238263,4.411518858449203,-2.6688708975102915,-10.727131875646776,0.010661305887168737,6.409684752867563,0
41,-1.3294611991497685,-1.4022982741408496,-1.3191668006543877,-1.407772834971264,-0.28189523436970854,0.9931390924613914,1.3270955728658165,0.5285606874065099,-0.7941843008654865,-0.09150639960265972,1.4264187065224945,-0.007734954484840583,2.7197479005562344,1.0999722399085026,-0.22673196075074517,0.06612326975439276,-10.65777834029699,-0.20588625592671342,0.0,-0.008946803584533347,-0.024010727216198485,1.537518670154161,4.610512201753735,-2.5648138166288827,0.08227466522019186,-0.7184078056313044,-1.247243033524584,1.1401403063592053,5.034865823128165,0.3050550772061488,0.0,3.828534648552399,-6.807848865402884,-3.733167326747764,0.7611185883733814,-12.832661094765863,4.820877693620335,-5.01602813705725,5.5199115588042975,-46.36405572087456,-26.630810446951422,41.228448738174734,0
42,0.5168254587156742,-0.2832233899437315,0.5228320470627478,-0.27812608081536155,-2.2450509608107527,-1.0069083047789449,0.3280148954212563,1.6903351854350883,-1.3425339534880874,1.2119580030195674,-0.7833650411100251,1.5745999335277883,5.8457211975276495,-0.5315516288736034,-0.22673196075074517,-4.97368995394715,-13.598022693818965,-0.20588625592671342,0.0,-0.008946803584533347,-0.024010727216198485,-4.787316404429738,-3.345987634367545,-0.12838049943856866,0.08227466522019186,-4.145782931488866,-7.89695147852352,3.2868904079974186,5.824681424490871,0.3050550772061488,0.0,-6.759247719867131,6.424451356649191,-0.6705944451662509,9.344823482037025,-11.598228324451213,5.9601563309558,-4.197691475257087,13.129501012674172,-13.071903439059696,-11.584212442653197,4.637113030779962,0
43,0.6759475343270323,0.6347703276249989,0.6719081642451807,0.6378514967709559,-0.7726841659799695,-1.0069083047789449,0.028754990036658823,1.016642483087646,0.10311513069876917,-0.20695702342673283,-0.27405851716443264,-0.7809485230598469,3.089934897155831,-0.5315516288736034,-0.22673196075074517,0.06612326975439276,6.713046822145287,-0.20588625592671342,0.0,-0.008946803584533347,-0.024010727216198485,3.6813741712366115,-0.5853640460915064,-3.6793118056324983,0.08227466522019186,-2.9389989417316844,-7.157625315647731,2.9161509769631704,7.110705943956708,0.3960609720652189,0.0,-0.1632034634090198,1.480900523862534,1.3031138626377263,3.6368392008954507,-8.14342242808385,3.5558749070349984,-4.447510530027313,10.299670172495683,-47.178189471630006,-49.05932111211232,40.22140570440737,0
44,0.8514513558567476,0.3921431279690582,0.8512637467077335,0.39741271023563823,-0.28189523436970854,0.9931390924613914,0.022010496199122986,-0.8255180530692953,1.5487642148856255,-0.06878687134939421,-0.2771959290162535,-0.048430405462472494,4.571953699884628,1.9157341742995555,-0.22673196075074517,0.06612326975439276,-15.043707455699291,1.1106057263531761,0.0,-0.008946803584533347,-0.024010727216198485,2.044641388388902,-1.4308531964426048,-1.0602541572978037,0.08227466522019186,4.562598556844322,2.6885346312159673,2.768825400158337,7.2083755281963064,0.3050550772061488,0.0,3.7080152387763547,2.9997280488870643,-3.441692891664039,7.7715125553603395,-6.6889335334675195,1.1303263527529221,-1.781355878043315,14.164776054588437,-50.816411493207006,-42.52902825922681,15.76664176659001,0
45,0.8738531786138717,-0.8029377091311003,0.8878754698745096,-0.7932952477586922,-1.2634730975902306,-1.0069083047789449,0.7511838498522423,-0.08664182949088661,-1.44223389032856,-1.654965114679789,0.8690052008489814,-0.2758461609257096,1.9200445678632783,1.507853207104029,-0.22673196075074517,0.06612326975439276,-2.474675848271101,-0.20588625592671342,0.0,-0.008946803584533347,-9.947130008134161,1.3262605153543632,3.5916279065650416,-1.6011452203294834,0.08227466522019186,3.2788025510568994,4.970238051983941,4.335741447505662,4.68263134310683,0.3050550772061488,0.0,-7.4152423538433245,8.764603422100935,-1.841768471079038,3.2006757608981915,-8.277238525981456,0.39128123257740954,1.2922703013381263,8.815163997117745,-32.47028032888055,-84.87554385005357,31.87639100519018,0
46,2.1476583398938676,0.47825361916120657,2.1536866176451723,0.49285499879671646,-1.2634730975902306,0.9484868234375725,-0.20825402720563446,0.24923318999480126,1.8500898868579285,1.443330182002886,0.2866042490412948,-0.655806894580633,4.3511354774125,2.4255853832939636,-0.22673196075074517,0.06612326975439276,1.3815206410018916,-0.20588625592671342,0.0,9.91601711202541,10.125113745193449,2.5954651788343623,3.745170171571523,-3.48499678229252,-8.62964595821636,3.5624667443066205,-1.5357454331049434,2.7116183702783374,6.1520623211489465,0.3050550772061488,0.0,2.396905734613096,6.216032950798512,-5.824902400029728,1.6781476490489826,-12.527373728882052,6.794926385815406,-1.5685500922713196,13.680894697474574,-40.93314917968964,-25.643226203139918,7.809490982515766,1
47,-0.618713840133212,0.2045272985298183,-0.6247283347010543,0.19906540796204159,-1.2634730975902306,0.9931390924613914,1.1583392253596982,1.924041223817246,-0.24583464824288584,1.074270334505762,-0.3364695650885148,1.4573364511386049,2.394934338393978,0.9295767419171679,-0.22673196075074517,0.06612326975439276,-0.3434239418983154,-0.20588625592671342,0.0,-0.008946803584533347,-0.024010727216198485,2.3075153753609863,0.4140470480680243,-4.559326727313801,0.08227466522019186,1.7528078422986368,3.1975051479184717,-0.0252305094795873,4.196546499715657,0.3050550772061488,0.0,-0.9067712702834196,6.0091194696486046,1.845188102693422,3.401620232158258,1.694163204352126,2.408997913062313,-2.3766375487738824,-1.8401570343968694,-53.561159887842216,-30.903333579223137,29.373551242663424,1
48,-0.8240243896329936,-1.9170768830831382,-0.8048925749513092,-1.9166897516254437,-1.2634730975902306,-1.0069083047789449,1.4313850090887752,1.2698159717761435,-0.9935841745464322,-1.1512577977595346,1.3594872536836486,1.5745999335277883,0.15259624419966555,1.5076113238817361,-0.22673196075074517,0.06612326975439276,3.1144900441367014,-0.20588625592671342,0.0,-0.008946803584533347,-0.02336182582716275,-0.8010345401091818,3.4452144603364125,-1.4942096442355082,0.08227466522019186,0.23191833962756103,-7.204915789292855,2.8609453710958364,0.7003246099267061,0.3050550772061488,0.0,-1.227221545144543,-1.808019946583256,-1.7387346207148742,1.0946502001053078,-5.164271491667851,-2.2311963735760445,3.7933504218064718,4.9900558645442175,-28.3222379294389,-26.91462923336045,42.23198597159331,1
49,-0.7840486741099686,0.34735419136946694,-0.7926606135257832,0.34005191250237593,-1.2634730975902306,0.359687241301645,-0.08006675190954493,0.14347540279586113,-0.27492669594592817,0.12153079963132929,-0.17804623188007862,0.08233898375163383,2.3501800383179825,1.4501439519841535,-0.22673196075074517,0.06612326975439276,-3.9906679457202365,-0.20588625592671342,0.0,1.0801961371970146,-4.823372178337397,-5.322190281382611,1.9249288819550516,-3.9192220124369523,-0.9198610970555507,-4.090137832805521,-2.1278718412659776,2.15814498330269,3.1773963889784724,0.3050550772061488,0.0,-3.1996468874029524,-0.1461429540740795,-3.424433086779071,2.1189151704776124,6.906837050352028,-3.093018056464962,2.4611717626420235,9.179509560411518,-16.97789512513274,-14.973471988357417,33.19832015228913,1
50,0.5562548408127708,1.3013248751208906,0.54359959905309,1.3011432225621955,2.1720494236815964,0.9931390924613914,-1.0458085316006835,-0.8002232742168027,0.6016148149011334,1.2096899625199469,0.8146233954174191,-0.2758461609257096,0.10984502596684942,0.1822400637185679,-0.22673196075074517,0.06612326975439276,-0.26076036031052396,-0.20588625592671342,0.0,-0.008946803584533347,-0.024010727216198485,0.032138966087577714,4.808330587002157,-3.738634855252595,0.08227466522019186,3.256873174175144,-0.10991106120864913,5.774540079601161,6.000082970787689,0.3050550772061488,0.0,-1.8135223793659874,-10.558065914366074,-1.0769397512895305,2.9724700073383086,6.1099547680786905,2.4046214626140943,3.5795356185439458,9.054079741718047,-14.90404696406739,-7.4873177314388215,26.517132552169645,0
51,-0.4713082072796696,0.30722268681551373,-0.4777758503128608,0.30256341269996895,-1.2634730975902306,0.9931390924613914,0.4976781617806434,1.221627172794777,-0.1859417302502615,1.5772352824296307,1.4963506841787564,-0.03495499789160905,5.927762438810923,0.9980019981096209,-0.22673196075074517,0.06612326975439276,-13.810339721060684,-0.20588625592671342,0.0,12.211879190170732,1.4938569342611656,-3.957623259451367,0.7871159652024726,-5.134876550423985,0.08227466522019186,-3.029891152612395,4.129746083924973,0.4329789259618321,1.4382368178325837,0.3050550772061488,0.0,-2.706612699038729,10.314665413853179,-0.9466354633268939,5.645247854751847,-12.373219680838979,1.2443315902932026,-5.58243893243308,-3.3713918854342353,-9.073945817142935,-23.51172060575167,12.207009730831777,1
52,0.8329306196440491,-0.09867470473813782,0.8384348694688595,-0.09181854075658882,0.6996826288508136,-1.0069083047789449,0.47877894715776903,1.8306758883403416,-1.3425339534880874,-1.6720284042775704,-1.5394812973988616,0.5452444087994518,5.443702886461537,-0.5315516288736034,-0.22673196075074517,0.06612326975439276,2.6882993048854438,-0.20588625592671342,0.0,-0.008946803584533347,-0.024010727216198485,-3.335652376096689,1.5600291306154341,-1.5671501417296652,0.14312316779539155,4.424494138349883,4.27542099972057,2.085377096958326,1.7465119553234245,0.3050550772061488,0.0,1.8862245991896973,6.983513613732919,-2.791073433649529,2.694380540928765,-13.079774557172756,1.9456084646565612,0.5199786222191998,13.354502206558713,-10.2129371296881,-25.190224754605936,23.35406608512798,0
53,-0.24856152999353184,1.233782504692703,-0.2651083276363782,1.2276047405812878,0.2088936972405525,0.9931390924613914,0.5098581287660495,-1.2077917554442417,0.5019148780606606,1.41566798722423,-1.1671750909827818,1.2514301757642408,3.4649002566101816,-0.5315516288736034,-0.22673196075074517,0.06612326975439276,6.387850810212214,-0.20588625592671342,0.0,-0.008946803584533347,-0.024010727216198485,-4.1924680279675615,-1.7745682137987906,-1.9237234677881005,0.08227466522019186,0.014999836325918281,1.6237616950399456,1.2163165108190312,4.751528770328977,0.3050550772061488,0.0,0.9562034353086801,-3.6434042550665886,5.891107151913268,6.040507266290667,5.231625738802467,0.44204803487332,4.6236262770476975,16.133071904475695,-31.665816857399207,-12.345120200935071,30.215230209854166,0
54,0.12017813445329578,0.5634378095407538,0.11388791802839282,0.5624751807384923,-1.2634730975902306,-0.16754432938740693,0.26441848771321785,1.1720244503059458,-0.022408697558759752,0.6750509941729641,-0.9078981514148404,-1.0025718814119395,1.8652432092496618,1.82646854884064,-0.22673196075074517,0.06612326975439276,5.847746039612286,-0.20588625592671342,0.0,-7.7836759414617,-10.529806212550811,2.5272096469738283,-2.303379249532778,-4.889396654240711,-5.059324354350617,-2.5953359793847124,4.369938624970384,0.30995015808093995,1.3261845150020342,0.3050550772061488,0.0,1.7791291355427372,7.547791204482719,-4.970303127004816,7.307346009732743,-7.030482376887089,5.6937015996769125,5.584867226504943,-3.1899244283577293,-5.577385489955823,-55.23398474039503,11.66658327096161,1
55,-0.4758024738397782,0.6321561284077013,-0.4862848009338968,0.626315088977622,-1.2634730975902306,0.9931390924613914,0.038591151126350365,0.5331790044827025,-0.19598467982264942,0.6278882429447905,0.416172090236165,-1.2954140531823926,1.5435578787441269,0.9980019981096209,-0.22673196075074517,0.06612326975439276,-20.825633390885713,-0.20588625592671342,0.0,-0.008946803584533347,-5.136292472922451,0.8849057009692318,-1.0613932931276722,-7.164998671606063,0.08227466522019186,-2.9603068278132474,-1.5804967732842332,3.3754075747186936,2.361533023404411,0.3050550772061488,0.0,0.7329822025794002,1.1316245258692703,0.9466455378593333,10.916224009023233,-4.2440512073192345,1.8274332199160384,1.0654553767186252,1.6006074048968495,-4.82949473722929,-44.70334455615433,44.12857729070764,1
56,1.5722589883076237,-0.38757086782878675,1.5850672801954122,-0.374156294788001,-1.7542620292004916,0.9931390924613914,0.3657342238854757,0.19417584473502303,1.7481640885665715,-1.2415338367611843,0.2582556936945132,1.2250978251316555,3.404496814563338,-0.5315516288736034,-0.22673196075074517,-1.642429702248897,-10.347087344089863,-0.20588625592671342,0.0,-0.008946803584533347,-0.024010727216198485,-0.023501992957333684,1.8314060963647503,-2.3967594175214275,0.08227466522019186,3.8446535957659185,-4.5542785082047335,3.783965073644239,4.181919159832531,0.3050550772061488,0.0,-4.92021957257743,1.1658661654144407,-5.448949806880186,4.74694116189799,-13.60801307569033,1.4075128124711682,-2.8870411066786965,10.637825496480678,-7.130400119715688,-49.39789996691138,20.906173748479162,0
57,1.0359498327381016,2.1010878092618386,1.0167008769046173,2.1017318760712875,-1.2634730975902306,0.9931390924613914,0.7207641615029958,1.1631425438144993,1.104692241323476,-0.2803931290781554,0.5097557877205308,-0.7041482654833725,1.4542967256994483,0.5897765642416629,-0.22673196075074517,0.06612326975439276,-14.443074951226546,-0.20588625592671342,0.0,-0.008946803584533347,-0.024010727216198485,-3.470238437624569,-2.4250051297522854,-1.6662211367071968,0.08227466522019186,-3.359424394642713,-6.0261997283589,5.3420256004514615,2.6874905109076925,0.3050550772061488,0.0,-0.770377644216433,-3.248978129898841,3.8424998443437257,7.5263461135109315,-1.0481015004966352,0.6930033063721526,5.835836072253264,6.384686497069872,-25.29038892022286,-72.52012041195181,24.500682490661312,1
58,-0.3410544616628659,1.096221532009576,-0.3564579649516339,1.0897998559478956,-1.2634730975902306,0.9931390924613914,-0.9511675853192108,1.0099259497156754,0.4666714451735584,-1.7518589732784953,-0.49091557923307017,1.2445764285817793,-0.022126424042567705,0.9980019981096209,-0.22673196075074517,0.06612326975439276,6.8207431628297215,-0.20588625592671342,0.0,-0.008946803584533347,-0.024010727216198485,-2.8452829272395026,-4.049845616589611,-6.242989528129867,0.08227466522019186,4.883838946569635,2.7075312246510137,3.0806888837832886,4.829710866246406,0.3050550772061488,0.0,-2.2887411951821175,-2.6592628236147213,6.05748674091142,-0.08174175760467164,-10.462907048971086,7.085371588994678,-0.7081746078875639,10.939363503108785,-29.868668327503844,-50.952875096395765,33.241185240666624,1
59,-0.44013678118668464,0.44328169981199905,-0.44810290795915,0.43838810758234836,-1.2634730975902306,0.9931390924613914,-0.2975812980363802,0.42043448831906494,-0.1776129098313375,0.6999963345928424,-0.9924016302073798,-0.9428296362153197,3.4513071572793987,0.7940615145118576,-0.22673196075074517,0.06612326975439276,-1.247215568376511,-0.20588625592671342,0.0,13.827449924963016,-0.024010727216198485,0.4830445400431014,1.9171290629135305,-4.966462113170657,0.08227466522019186,2.7069669487833803,-6.782152236372015,0.32822299735825244,7.0242110686256485,0.3050550772061488,0.0,-7.114963628246542,-8.571761764695783,-1.6690231664866557,7.18187800270221,5.983703677983694,7.1363178507351686,-1.0305185182990204,-0.2881521877237141,-17.402372367041238,-78.84074752236963,38.19880990991165,1
60,0.5858860508554603,1.600631490816473,0.5698381119286419,1.5996212113481427,-1.2634730975902306,-1.0069083047789449,-0.15324091541714557,-0.6290497022707466,0.7402703126348761,1.1195904188519128,-1.1312574769825021,-0.38068384843802877,2.4105469049402837,1.6314332861030565,-0.22673196075074517,0.06612326975439276,-18.208043381695788,-0.20588625592671342,0.0,0.8387605906342619,-5.272672882933241,-4.644477180438401,5.153357027999061,-6.24090102524855,-11.252470754491444,0.3345041106639286,-6.783138414324091,1.2176811389726392,4.626406782288705,0.3050550772061488,0.0,-3.210210265011738,-9.122261394974426,0.5986837682466932,7.542580949087669,6.1223364120961925,-0.9856342032603167,5.702240357702913,3.074018854600461,-13.922776215125339,-68.46581584336421,12.677043897825273,1
61,1.8961601160151222,-0.32161293062947144,1.9099229867847558,-0.306041110338255,0.2088936972405525,0.9931390924613914,-0.06295523852774298,1.2765989864877807,1.7481640885665715,1.1723485579236321,0.695401745048225,-0.6612560201844588,3.6571869349332373,-0.5315516288736034,-0.22673196075074517,0.06612326975439276,-3.4834724500192493,-0.20588625592671342,0.0,-0.008946803584533347,-0.024010727216198485,-1.029576998112928,-0.1688350482686336,-4.5687624973156025,0.08227466522019186,1.6834330465410847,-7.951602151624714,0.8023570627639279,7.403511568169326,0.3050550772061488,0.0,-4.4044788179253676,8.492468257681894,-5.081533539096079,9.191366669481903,-7.432524268381955,1.7035693568577326,0.015529331675132596,3.725237269754798,-38.97163855265223,-67.54574940585104,11.923104066666212,0
62,-0.9994647258634729,0.8562945952938206,-1.0156806797716618,0.8455006632003053,-1.2634730975902306,0.9931390924613914,1.2155780719416311,0.5439020977516611,0.3025150043797149,-0.2253890697000862,0.4642790719640855,1.4261812299623071,1.7932755471830724,2.4255853832939636,-0.22673196075074517,0.06612326975439276,-4.997322631775127,-0.20588625592671342,0.0,-10.183311088468633,4.807163575194459,-4.542857827955103,-2.3826850393410353,-3.560823394289591,-13.973729429650936,1.6622742770245553,-2.2294818794812024,5.11672620783831,3.8713256603349246,0.3050550772061488,0.0,3.7986867549039918,5.76746695202541,3.1391367731792545,9.974210523430681,6.332189739639155,-0.40407446730250296,-3.844828991735942,14.520344947647079,-35.897143061746235,-66.96878238444476,3.1535488879509983,1
63,-0.8168658089602711,0.7819890585489386,-0.8311220588054553,0.7729154097709188,-1.2634730975902306,0.9931390924613914,-0.9699794894114143,1.6052734222396872,0.2851722517498716,1.145121722183461,0.48142824299305564,1.4512783984181463,3.7386646337374345,1.9289305950900082,-0.22673196075074517,0.06612326975439276,4.202208840717496,-0.20588625592671342,0.0,10.324228639603888,5.641064430084931,-3.1270783067191097,-0.20463155657918097,-1.3084029328958566,-1.346182699770398,-2.4538511173432482,3.5722854609700008,2.251993454184107,1.2952329021072446,0.3050550772061488,0.0,0.1470228904337727,3.8183659874963904,-4.135847028732624,2.5688033794702467,6.911167941446134,1.7647422846256067,-2.4918517939216427,15.267700101637267,-52.899410211162326,-44.60032683761572,20.936079616823008,1
64,1.5291092457541744,-0.29862674311849513,1.5406626360831317,-0.28584462303408975,-0.7726841659799695,-1.0069083047789449,-0.06955874246854388,1.8739547713400224,1.7481640885665715,-0.6222072749600736,0.8679593968983744,-1.0801797802483168,1.0433858024843026,-0.5315516288736034,-0.22673196075074517,0.06612326975439276,-8.217187616111298,-0.20588625592671342,0.0,-0.008946803584533347,-0.024010727216198485,-4.458580258710176,-0.235726719997285,-1.1255850095228972,0.08227466522019186,-0.8467047617297379,4.750547536330998,2.8372843545576845,3.0583662211961977,-3.5626954543043308,0.0,-1.393525950087903,-9.62997194834284,-3.218839136340544,1.6541922941205844,5.147064341967244,0.27849564045357766,2.9219694679477284,-4.166015816240074,-30.247082957760146,-45.48647134678297,3.287223158697933,0
65,2.3913167086877745,0.19450243377041432,2.4018981591922404,0.21186911198985578,0.6996826288508136,-1.0069083047789449,-0.7238436988404874,1.2665608063695544,1.8478640254070444,1.2555854644802484,-0.7049297448145027,1.5745999335277883,0.06097362355358496,-0.5315516288736034,-0.22673196075074517,0.06612326975439276,5.336086727353031,-0.20588625592671342,0.0,-0.008946803584533347,-0.024010727216198485,-2.5877766511551386,-1.183040610134325,0.026803107243360103,0.08227466522019186,1.5198944147217492,1.2275423618000563,4.3009092086489416,5.336975955620956,0.3050550772061488,0.0,-1.5509492154704168,2.516613836920417,-2.77760109427327,8.392688755698604,-7.252504786417379,-1.1952854347725115,-4.797387334877395,10.728256144657218,-52.52866028739233,-78.3969447615657,18.39121618578432,0
66,-0.35215004163121755,0.5127246076999362,-0.36047222752090874,0.5082738302892349,-1.2634730975902306,0.8873355667594143,-0.8637154040626531,0.34352762359306355,-0.18016214754985221,-1.5403294026230856,-0.5008153417389551,0.47463482900284926,2.502745483279235,1.073521886085514,-0.22673196075074517,0.06612326975439276,-0.28508810663855044,-0.20588625592671342,0.0,-1.4514319889167098,-8.520012638393936,-2.608133667391141,0.2069683254703909,-1.2416295291836992,-13.938632261229218,4.122012327993599,3.949864611851087,4.805541672327462,7.210593497110345,0.3050550772061488,0.0,-4.438533570327822,-10.735749007000209,-1.657896983955208,9.054444572317198,-10.062940791665584,3.152838296009139,-0.6733993488893653,3.9506130475915047,-33.14074878689578,-60.69102579609229,39.75769196140932,1
67,-0.4669573747621302,0.7264878079346138,-0.4785482415722154,0.7203817902326899,-1.2634730975902306,-0.5384089028917327,1.4441347977374126,0.875771986952746,0.2526650359594784,1.044850090572297,0.502592169728638,-1.1777589831164632,5.946687611736296,0.9980019981096209,-0.22673196075074517,0.06612326975439276,-21.888845782138127,-0.20588625592671342,0.0,12.31647959864393,2.730293478938817,-2.386846363222419,1.6838153108634009,-4.773138846699119,0.08227466522019186,4.747418680080497,-7.486425165889433,3.088668081696479,0.35036483587709455,0.3050550772061488,0.0,-2.5478450842237343,-4.493250323024813,3.224657192360695,8.978967514392865,-4.09581726334576,-0.8637005862713742,-2.542338555819943,9.657302273212398,-50.93821705807239,-24.42771826581209,32.17099291253146,1
68,-0.6917388625116635,0.8079240641886972,-0.7056040302749869,0.7997527610394534,-1.2634730975902306,-1.0069083047789449,1.250281633327539,-0.17425211345781744,0.40529078452607364,-1.5833935798822418,1.59938805518693,1.5271865120458052,5.980376179074331,-0.12367066167807694,-0.22673196075074517,0.06612326975439276,-11.453114031583883,-0.20588625592671342,0.0,-0.008946803584533347,-0.024010727216198485,-4.402418372806464,0.13970312790655726,-5.742832733250248,0.08227466522019186,1.817764359722756,-4.9209041547663865,0.4530265370851718,4.949314533247206,0.3050550772061488,0.0,-1.825899870719688,-2.4415029949887206,-4.743497437774268,7.026538558266513,4.60024897053524,6.036593414678239,-6.109811881885409,10.397868262492269,-5.745233592376081,-36.848105012678054,7.913169662041957,1
69,-0.5975989572722623,-0.8619850738582313,-0.5903710277542451,-0.8635191574812557,0.6996826288508136,-1.0069083047789449,-0.11350006969582815,-0.456959975294152,-1.192984048227378,0.6937562647450859,-0.8586629255537267,-1.4105310881843875,1.2762028737535929,-0.5315516288736034,-0.22673196075074517,0.06612326975439276,-5.758152497373281,-0.20588625592671342,0.0,-0.008946803584533347,-0.024010727216198485,1.0542995121726575,-2.1163452483067946,-7.33851309174504,0.08227466522019186,-0.7933148623285815,-6.486132495992582,3.286308151817574,3.4857880353317783,0.3050550772061488,0.0,-5.787289953574039,-3.7413754611093815,-1.327062450038528,5.394473264412036,-6.484986205793536,-1.9982556089209114,0.7827191221515477,5.415507390621247,-34.39244306108683,-51.276642549103265,27.650238308592737,0
70,0.15035955719369112,-1.5421797912150663,0.16957501746251646,-1.5354729850905684,-1.2634730975902306,0.9931390924613914,-0.048605617508431065,1.701268932650502,-1.0932841113869052,1.2075755743618024,1.0788189604968865,1.4989810575229752,5.973653503407216,0.9980019981096209,-0.22673196075074517,0.06612326975439276,-11.0262421644143,-0.20588625592671342,0.0,-0.008946803584533347,-0.024010727216198485,0.16531562798691102,-3.4007191445340146,-3.64527171865626,0.08227466522019186,-0.7443921915695033,-4.85622642273589,3.958621512868809,3.8187124119313816,0.3050550772061488,0.0,-6.346828402564133,10.129800269399952,-5.531883862573699,2.604962078857757,-2.917698098266454,-0.3535159261933991,-4.843919434597214,11.29316144355861,-54.15679144858281,-48.28327550063038,27.52953660207333,1
71,0.48012740194078285,0.48057284861201427,0.4768269519885376,0.4827000602739598,0.2088936972405525,0.9931390924613914,-0.9414309775915539,1.5171266181279175,0.10311513069876917,-0.9573700326285084,1.653358163804206,-1.0801797802483168,2.822245034579001,-0.5315516288736034,-0.22673196075074517,0.06612326975439276,0.3816868673064917,-0.20588625592671342,0.0,-0.008946803584533347,-0.024010727216198485,0.9947709606686139,4.6285197936730444,-5.723411692938319,0.08227466522019186,4.262551008357662,-0.1974072514852736,5.08634713139177,-0.03504830693684509,0.3050550772061488,0.0,0.674022038154213,-10.24820833530353,5.928730671224576,3.365252958257131,6.115163498241113,-2.9543348902917375,1.5120703508653275,14.362962449719014,-6.032058345580715,-66.36776145351817,31.914280185816178,0
72,-0.30697467519343846,1.1935732664506697,-0.3233705069348399,1.187079205784564,-1.7542620292004916,0.9931390924613914,-0.3657044002078004,-1.2742918353113089,0.5019148780606606,0.23992069364798008,-0.6045325655562339,1.5745999335277883,4.391904732594695,-0.5315516288736034,-0.22673196075074517,-5.450730025251731,-7.2947895789046715,-0.20588625592671342,0.0,-0.008946803584533347,-0.024010727216198485,0.7240772398896711,1.6516077254072918,-6.914726311315819,0.08227466522019186,3.2716340096827805,-5.256621430706429,5.173016434364433,3.6367618126914207,0.3050550772061488,0.0,-4.1037143629929576,8.6344304502845,-1.5922552561875039,2.901488235165133,-13.350203815133781,3.606105487466575,-3.6610348998978175,-3.338883380124873,-8.250372892651441,-45.096851904595354,43.03249396782482,0
73,-0.7784418182980539,-1.0561413075316533,-0.7696098717303405,-1.0584348323851742,-1.2634730975902306,0.9931390924613914,-0.12988372768031275,-0.5868324843379839,-0.5335253318470231,-1.6124568334718044,-0.35022742950486296,0.5388053612294921,4.801229771834808,1.5469595174238817,-0.22673196075074517,0.06612326975439276,-1.1767324249552154,-0.20588625592671342,0.0,8.715559817396398,14.597314632354216,-1.8522777628219957,3.419067330013138,0.06848725550115198,0.08227466522019186,-0.5903078278954141,-2.203649705302393,3.1341077070700676,6.150011236495126,0.3050550772061488,0.0,0.21216027042331476,4.716610156064883,5.015679285831757,2.6471316403411613,3.1149635478218336,-2.749543742260953,-3.405016217125853,14.173980609595969,-9.274270969633548,-70.64434320687724,20.337481705997202,1
74,0.358655812447686,-0.8132837575446593,0.3701664178341498,-0.8075347321350358,0.6996826288508136,-1.0069083047789449,-0.055085437112780467,-0.11813020144440656,-1.2926839850678509,-0.16759799565312905,-0.32530291074417395,-1.4320757387019574,0.07864251297622205,-0.5315516288736034,-0.22673196075074517,0.06612326975439276,-8.43559521723991,-0.20588625592671342,0.0,-0.008946803584533347,-0.024010727216198485,1.0288757639556518,1.077637471043876,-2.4667617984898067,0.08227466522019186,0.11897305623177701,-7.1859388901213626,4.904936737666846,5.714470112881247,0.3050550772061488,0.0,-3.6042230224829135,-11.261942248113995,4.585737249709391,10.297448839554777,2.2145652130110687,0.7266754834919347,-5.621036808685508,4.849775674404089,-51.29038178394357,-61.397654380034666,4.5894855333847735,0
75,-0.29366519753874093,-1.1417415671737277,-0.28148155012599707,-1.1398986992220816,0.6996826288508136,-1.0069083047789449,-0.3811484811040652,0.9102842682374339,-1.192984048227378,0.5672276259053772,-0.7781360213569903,1.4046365794447373,5.388279630864667,-0.5315516288736034,-0.22673196075074517,0.06612326975439276,-2.7642419381174577,-0.20588625592671342,0.0,-0.008946803584533347,-0.024010727216198485,2.333968656829457,-1.3688641334295975,-4.961047531495063,0.08227466522019186,0.6875597490878649,-2.0527434387827688,3.4419327463948637,5.906374214854053,0.3050550772061488,0.0,0.6848968192680864,10.32979372378682,-1.9700877409425264,1.8509321262907308,2.1194314539156807,1.1729065216599848,3.6399086612997467,5.831675166016671,-31.90769858390149,-2.34066184017847,26.699373303435372,0
76,-0.9622320861073016,0.12301231214783548,-0.9690582205635461,0.11510195902892595,-1.2634730975902306,0.3938743447835027,1.0842413195336649,0.7866161104649096,-0.026083824499592456,1.0531760824359324,-0.419197806237416,1.4421491591930482,2.059963888507941,1.936739598486458,-0.22673196075074517,0.06612326975439276,-8.774336543131037,-0.20588625592671342,0.0,12.154842617988976,5.629404665837178,3.4825319615945647,2.0922976276454683,-6.46298196237117,-2.6369921543987282,0.7279367278477133,-5.566262116247933,3.6039559361763605,7.056710629297663,0.3050550772061488,0.0,-5.563480253127466,-2.6192026653079914,-5.394577372437899,0.7002601709029007,-9.375949858943686,3.730094214165219,-2.795208844767325,4.187900691469364,-33.023623637789385,-63.78990933009236,18.823871668123818,1
77,-1.6494510829593776,-0.21058549942771282,-1.6558237481213796,-0.22286086321092202,-0.7726841659799695,-1.0069083047789449,-0.18941703581930824,-0.3233258687410634,-0.495084490344068,-1.6873481509633845,0.17877459344838373,-0.7617977225997847,1.4458520039485134,-0.5315516288736034,-0.22673196075074517,0.06612326975439276,-17.154896545915012,-0.20588625592671342,0.0,-0.008946803584533347,-0.024010727216198485,-0.26140917160965493,-3.914331756976697,-4.913018846658673,0.08227466522019186,-3.5454079035495987,-2.2752337745373783,1.5041194340631852,1.7247024709569527,0.1685462349175436,0.0,-3.6714230125772307,9.365451141148663,0.264316879398347,-0.12054382232170421,6.711833099966114,6.257909603015979,-6.086652242942199,15.04425437847469,-16.914763572364947,-12.18549248159637,39.98810365120204,0
78,0.13640629911231264,0.6225043396117814,0.12948009265259552,0.6214825401176727,-0.28189523436970854,-1.0069083047789449,0.03612052373219399,0.4637495007576231,0.15296509911900558,-0.19051088609667755,-0.7739528055545625,-0.37399401328352777,4.067984850495395,-0.021700419879195333,-0.22673196075074517,0.06612326975439276,-11.122487879333656,-0.20588625592671342,0.0,-0.008946803584533347,-0.024010727216198485,3.734865255868022,1.348137278706246,-4.401846129520231,0.08227466522019186,-1.9604611639031866,-2.601892370225915,1.5311461344905977,6.996741874997615,0.3050550772061488,0.0,-5.163791391359194,-10.387828940561596,5.869045320633582,5.074117328513066,-4.631908505109953,-1.3417330236637985,4.012161747515088,5.849672541793067,-37.60249418404753,-60.98717604060247,5.2057210414054,0
79,0.3829471970854066,1.505289903995145,0.36687244450304557,1.5030548809447764,-1.2634730975902306,0.9931390924613914,-0.88930946396507,1.8767913561879803,0.7440821829814517,-0.40550822913509643,-0.17938397157828673,0.11286608855613865,5.805743359085481,0.9980019981096209,-0.22673196075074517,0.06612326975439276,-9.769454315915176,-0.20588625592671342,0.0,2.5718623017211204,0.20607583206411406,2.1176623455165373,0.555928789634411,-3.197485309386045,-11.564304036312645,2.32983761363067,1.3389386080951713,3.7000344619411756,0.1276561170717023,0.3050550772061488,0.0,-3.2772758956362322,-3.297723407364977,2.161175718000786,3.3340890034275246,-0.844109056535288,-0.30376923275739287,5.000244618882001,9.231416060689282,-12.202854886688534,-16.16822568729991,17.088230394268336,1
80,-0.9117748831306677,-0.18688887516562658,-0.9144498675852611,-0.19330500139024331,-1.2634730975902306,0.9931390924613914,1.3945052328143381,0.7336237331285278,-0.1543823971520718,1.070285119593731,0.17102953029904766,0.9481229628707815,5.350735460257793,0.9980019981096209,-0.22673196075074517,0.06612326975439276,-20.161203727004626,-0.20588625592671342,0.0,9.076948330379844,5.798569342662566,-2.7491237996915032,4.2936760528599685,-2.7283232105156525,0.08227466522019186,2.129180114680514,-1.9303544786145324,4.405563830511781,4.1140683977056005,0.3050550772061488,0.0,0.6138188117653574,-2.6765352326221485,-0.4179362792002417,1.6532720306255593,-10.090269364317518,-1.7270887810791975,3.859639486247411,12.804868772973279,-22.32673958681863,-43.148303135578885,19.04609204270387,1
81,0.7362581936534894,0.27305925070309267,0.7368165731889469,0.2778708267560135,-1.2634730975902306,-1.0069083047789449,-0.1493537177334584,0.9318946894329625,-0.7088787305371852,-0.26348432337614347,0.046162044884871745,-0.8388800588281984,4.936301679573785,1.4873506806719627,-0.22673196075074517,0.06612326975439276,-20.134835732474123,-0.20588625592671342,0.0,0.3020184368404227,10.935557057246424,-2.4629600415029964,3.7695941767686714,-2.691296155441801,-0.6686032559458138,1.810127076712451,4.835325243972834,2.7804728953991655,1.167639356204691,0.3050550772061488,0.0,-3.865368793390491,7.924396397061711,-5.476859737891597,7.269026968671862,-11.602396712726152,-0.6697004460474876,-5.049140285318044,9.068462552314376,-36.32611526286234,-12.934806917155754,4.507062442679372,1
82,-0.2755957349040169,0.8942118092811138,-0.2881877404553695,0.8890118962408982,-1.2634730975902306,0.9931390924613914,0.9509245636689867,1.5727863446591748,0.28071606542356214,-0.43010769461387466,1.0639986865779452,1.4897303455793327,4.684960717887715,0.41371931772481396,-0.22673196075074517,0.06612326975439276,-16.34637966182975,-0.20588625592671342,0.0,-0.008946803584533347,-0.024010727216198485,-1.1684888112640905,-0.9830849006809084,-5.367325943190737,0.08227466522019186,4.067587794550019,-2.855163104163224,3.5038024953127374,0.3718855061239307,0.3050550772061488,0.0,-7.451982216274606,-10.501699956982172,-0.711924044802541,1.797365994524429,-0.7645160144616856,5.650432145907664,-3.442401318358257,14.297020721348257,-26.428643101666534,-9.057066844912356,25.785974361461097,1
83,-0.28934459908243665,0.7651017687951208,-0.3004033155487112,0.7602581962732764,0.2088936972405525,0.9931390924613914,0.37884316721580213,-0.40598680422813804,0.20281506753924203,0.7768523894488628,-1.339732742832931,0.26277010201353623,5.506894885524513,-0.5315516288736034,-0.22673196075074517,0.06612326975439276,0.5786669873629755,-0.20588625592671342,0.0,-0.008946803584533347,-0.024010727216198485,-0.10344043796476932,3.7811422847189835,-0.2810575001746267,0.08227466522019186,0.10692566621584021,0.3426683941905466,3.7283983835252985,2.6970915908076076,0.3050550772061488,0.0,-7.053378427162296,-2.995705717812232,-3.197144389006803,0.8098814123972399,6.421695766517146,-1.0485936970765146,3.034419731077759,-2.1526321600061067,-0.7541413739162621,-56.928841868950755,25.02064466487322,0
84,0.3314933318311486,0.6613861447499491,0.32521897465315475,0.6617191598552267,-1.2634730975902306,0.9931390924613914,0.5464297266494731,-0.8953889587481304,0.7717157787643018,-1.454472301270994,0.8222823553853689,0.8379570971840654,4.056783582701346,0.48596927741816076,-0.22673196075074517,0.06612326975439276,-15.252233748028011,-0.20588625592671342,0.0,-0.008946803584533347,-0.024010727216198485,-2.3114354996591153,0.22047729538841843,-1.179186170454888,0.08227466522019186,2.4167980502901685,-4.070819431006985,2.3556384781298485,1.85089942816327,0.3050550772061488,0.0,0.39200678776247866,-3.47871137209985,-3.3383481164337017,7.975534435097815,-4.313030325186434,0.36806274798027205,2.7959874231207253,9.659934869907682,-29.578682132549584,-60.195771145533556,42.58791859320049,1
85,0.13986585697338189,-1.5464675530416774,0.1590817095744172,-1.539826735903152,-1.2634730975902306,0.9931390924613914,1.351082621631568,0.7934759886821863,-1.0932841113869052,-0.3713189293733117,1.0253673021226408,1.496441275103197,5.7190440533322455,0.9980019981096209,-0.22673196075074517,0.06612326975439276,-17.12435572507026,-0.20588625592671342,0.0,-0.008946803584533347,-0.024010727216198485,-2.1446999827929973,-2.2539977785393366,-6.1519268576645025,0.08227466522019186,0.4060139686128066,-3.901098748630499,4.748271694122533,2.438361502464474,0.3050550772061488,0.0,1.7116612708943713,9.898815469267928,-3.897334296914309,3.3605178131923177,-13.066509005539983,-2.156229954512284,-1.2749666080456716,10.891954283452517,-45.86515182361967,-75.97142140569534,25.47914289191975,1
86,-0.46817704438531,0.6378087286089171,-0.4786859410661048,0.6320078737550067,-1.2634730975902306,0.9931390924613914,0.6725994087387128,0.31073052634891063,-0.19598467982264942,-1.2207760407010784,0.416172090236165,0.9506692130741894,0.9640515148143447,0.9980019981096209,-0.22673196075074517,0.06612326975439276,0.17056132015210324,-0.20588625592671342,0.0,-0.008946803584533347,-5.136292472922451,-3.6491051992680834,1.8763327958081302,-2.738900054629541,0.08227466522019186,2.4835422794114006,-8.293449302750265,5.329864648432668,0.08066270345617099,0.3050550772061488,0.0,-0.3226310364549949,-9.628519765554142,-2.7207010229166007,1.6215686592849101,-10.489719339144603,0.6041424880037294,-0.4618602490222168,9.102964967969504,-3.6673203058258963,-41.95239843674819,5.453142063381937,1
87,0.23153371302671785,-1.5506057505055333,0.2512435095410889,-1.5432425803228609,-1.2634730975902306,0.9931390924613914,1.4405581165927526,-0.8221146502954707,-1.0932841113869052,0.1674797664436518,0.4103970088000581,-0.8657260922051467,4.498685447915529,0.9980019981096209,-0.22673196075074517,0.06612326975439276,5.41405060135752,-0.20588625592671342,0.0,-0.008946803584533347,-0.024010727216198485,-2.250626888818284,-2.4211790725920554,-0.43360973520567914,0.08227466522019186,-0.1494294152965674,-3.7545574709518315,3.067702096050362,0.33154070392379886,0.3050550772061488,0.0,-0.5680503818157119,-6.567958725684663,-3.715701603217075,10.721068177252086,-6.867892678794559,6.441394889706211,5.49005506751418,-3.960236743454307,-33.316628791914226,-67.85798885833103,9.69624237525835,1
88,-0.7395432201056722,-1.0148590300069278,-0.7311488347256501,-1.0169786836123513,0.2088936972405525,0.9931390924613914,0.23691402248903093,0.34571443353118214,-1.192984048227378,-1.225402436630902,-0.05548549148757669,-0.09630740661262768,0.8569265511310769,-0.5315516288736034,-0.22673196075074517,0.06612326975439276,-19.310887559931004,-0.20588625592671342,0.0,-0.008946803584533347,-0.024010727216198485,1.3904450116050997,-3.9285173246873177,-6.951620333608911,0.08227466522019186,-1.091176897101306,-2.9162162926138384,2.2396662849582696,6.829788764780939,0.3050550772061488,0.0,-1.9953766404003899,8.904858916420777,-0.5227361488269642,0.46862720568382754,6.637434667401667,-1.6882462140845076,2.219396647634345,-3.293647373301516,-12.565871811000413,-60.94617629741253,7.342770287114794,0
89,-0.2046923745609938,-1.495483363328547,-0.1877655815001247,-1.491699567094045,-0.7726841659799695,-1.0069083047789449,0.6183847706874293,0.10461814822438065,-1.0932841113869052,-1.0296974688725666,-0.4330207176566915,0.5643952092595139,1.4845797046784883,-0.5315516288736034,-0.22673196075074517,0.06612326975439276,-16.096595319308847,-0.20588625592671342,0.0,-0.008946803584533347,-0.024010727216198485,2.4909419360114216,-0.12315360250428542,0.20888938469627494,0.08227466522019186,-2.120467747453165,0.26308648366341814,-0.13396695922510554,6.693950514970086,-3.653701349163401,0.0,-4.900093026333057,12.054585755118923,1.2756572366236485,9.97251467132005,3.260987232282069,-1.0416268776488922,4.674995619572777,-0.5970399549562293,-42.7375699524069,-23.82079378094229,18.878759555394385,0
90,0.03184755465324767,-1.4595713000551658,0.04949128006161656,-1.4540726014901935,0.2088936972405525,0.9931390924613914,-0.19878680364846857,-0.9111548460396873,-1.0932841113869052,-0.363593069009549,0.448592012704981,-1.125662931340964,2.381000719829588,-0.5315516288736034,-0.22673196075074517,0.06612326975439276,-21.64577893112507,-0.20588625592671342,0.0,-0.008946803584533347,-0.024010727216198485,-2.4021307124069757,-3.9717952413787327,-5.033967010152992,0.08227466522019186,4.162037245254758,-0.9957326761561367,5.094634009422111,1.891557103251396,0.3050550772061488,0.0,-7.003676286259542,8.635394693614606,-4.3384682617758985,11.256607398704386,-0.14409473182938015,3.705459435567631,2.769193099578664,0.6767408945579421,-50.52620367528665,-55.29495035012488,9.323416292843774,0
91,-0.8047010065072158,0.247424187951215,-0.8122591267276016,0.24033265288212569,-1.2634730975902306,0.6420792462213135,0.3747267637009819,0.8442240764357867,0.07501620655446103,-0.29791309097718877,1.1374385773262818,-0.027518386867158684,3.054246290990529,1.2485796616136036,-0.22673196075074517,0.06612326975439276,-14.581648625467125,-0.20588625592671342,0.0,-7.636873092211241,11.065137293858715,-3.392770130779422,4.738372752115774,-4.234927075934584,-0.7204136981212634,-4.09097465729426,-3.1137928880729273,1.0790518244597396,1.100873248571628,0.3050550772061488,0.0,3.395398991090696,3.03849572343481,1.931543854137459,3.2401809294663653,-4.903147559715476,1.283305029329762,0.9707200091680752,16.70181853537396,-7.106189666934974,-7.446288351854648,32.88610994184216,1
92,-1.7142472114139493,-0.6315610938334587,-1.7156157945804504,-0.6428778499108739,-0.28189523436970854,0.9931390924613914,1.1201683761003776,-1.1668444580599402,-0.495084490344068,-1.5798388527924874,0.2226983593738763,-1.0753920801333012,3.6846465617563324,1.0999722399085026,-0.22673196075074517,0.06612326975439276,3.6564781069040073,-1.522378238206603,0.0,-0.008946803584533347,-0.024010727216198485,-2.6304569321527307,-0.8642386816157885,-0.012669054245450617,0.08227466522019186,-3.4290233022900503,-4.993956442522336,0.9198884013337315,0.006342199651322239,0.3050550772061488,0.0,-5.158368593043488,2.3098309219245188,-5.9864834697733125,9.290756175805662,-4.508513000207767,7.1304755196070735,5.493692253127093,1.2191354931211418,-13.877057483179811,-41.52729422887197,34.44779396898061,0
93,1.8567858607844117,-0.19447846116271705,1.8688862022755146,-0.1796421152685841,-0.7726841659799695,-1.0069083047789449,0.5484367433728485,-0.4437793656483935,1.7481640885665715,0.4393086148700571,0.911883162823867,-0.491292666101408,2.5379607841356115,-0.5315516288736034,-0.22673196075074517,0.06612326975439276,-13.033169730415143,-0.20588625592671342,0.0,-0.008946803584533347,-0.024010727216198485,3.2957369811590356,-3.8423014310961636,-4.447796938890006,0.08227466522019186,1.4213731800755305,3.6708207565775854,5.0986568372148495,1.9359976739590725,-3.653701349163401,0.0,1.334242654129719,10.479835777472976,-2.556055995862317,9.027415769490855,-13.441842739510912,-0.3700049123842031,4.863168923905653,9.980510365492318,-18.105627152545743,-42.9625684991745,27.71438907435239,0
94,-0.9685397867394788,-1.2931914461347929,-0.9578374552848314,-1.296153374429025,-1.2634730975902306,0.9931390924613914,1.3220607122244337,-0.7360112913218769,-0.7443343324452502,-0.8733523273245942,1.1273187766489021,-0.6612560201844588,5.810469704810885,0.9980019981096209,-0.22673196075074517,0.06612326975439276,-20.253985121685904,-0.20588625592671342,0.0,2.617707821310815,5.798569342662566,-5.362020619114531,-3.028656662012481,-5.361047572508369,-13.852032424500536,-3.5792253397718277,-8.418200128667339,5.225085190228149,0.6951878209394946,0.3050550772061488,0.0,-3.3641293712216696,-10.545955464663196,-1.715723220174076,11.474630422642182,2.2080852565222564,-2.792379893481952,2.1935677010412205,11.693670800320685,-11.05172739312907,-84.7419884637132,18.51841410153834,0
95,0.23431326614575815,0.5268167065334366,0.22909837343412592,0.5268598624061206,-1.2634730975902306,0.9931390924613914,0.8560462529219708,0.11738939085842359,-0.0124318046532199,-1.4145911375617894,-0.887995200052324,0.9374199366684048,6.121610225132193,1.874087591202729,-0.22673196075074517,0.06612326975439276,-10.106307919541162,-0.20588625592671342,0.0,-7.545710083480932,-10.529806212550811,-0.9454956690048695,2.709608636303958,0.2160181615963248,-0.5759137283793313,4.7161101964384065,-3.7516486212669564,1.351921264908931,6.248865992670828,0.3050550772061488,0.0,-6.823423222199585,10.330788983001517,-5.492264205216204,6.361088369279286,6.171312181956772,6.334136396382232,-4.966387101682552,-1.6540009144958363,-12.921687144112425,-2.809324827107986,19.22701410144392,1
96,-0.806166237387737,-1.8249030661820365,-0.788089338373887,-1.8246986100482074,-1.2634730975902306,-1.0069083047789449,-0.19406229713448275,-1.193942740995162,-0.9935841745464322,-1.1380977466451014,-0.11734693275250696,0.04984356788847549,4.596703994934501,2.036646667701991,-0.22673196075074517,0.06612326975439276,-3.978149049571339,-0.20588625592671342,0.0,-0.008946803584533347,-0.024010727216198485,2.7767740624921933,3.864470037296063,-7.426818298926122,0.08227466522019186,1.2777165015979106,-7.558044138229208,5.15453986452891,0.023954395018996766,0.3050550772061488,0.0,-3.526895238320895,-2.762888042432266,0.8065288934360408,8.892031685818544,-10.794788701057461,5.056831269588609,3.0474124427453093,6.580612550018545,-5.786131837030041,-3.225911187994029,5.275256324819359,1
97,-0.9397696230439949,-1.333488669410342,-0.9284252467982386,-1.336078917641286,-0.28189523436970854,0.9931390924613914,-0.14583805861210974,-0.22702709519132824,-0.7443343324452502,0.6166309882789647,1.0969904620813,1.2250978251316555,1.345138387309721,2.323615141495082,6.46713945208419,0.06612326975439276,-6.823023007044203,-0.20588625592671342,0.0,-0.008946803584533347,-0.024010727216198485,-3.636138025751423,-3.855624316046716,-4.4198357883648,0.08227466522019186,-2.9531007744885684,-6.273522131901468,0.045898723892535215,2.0004220076760437,0.3050550772061488,0.0,-6.508441956700282,0.9215181459643009,-6.197503201744808,9.800193888702815,2.0804958751082268,2.9195962177435133,2.813411060373844,14.094306689236973,-14.610205636651798,-55.89230835311916,23.802838210472032,0
98,-0.4784438271476311,0.6304792045149851,-0.4889203989887908,0.6246232528326113,-1.2634730975902306,0.9931390924613914,-0.7571718267105587,0.3849409458273465,-0.19598467982264942,-0.20696650276664452,0.416172090236165,-1.1353592181126704,1.7739646083451286,0.9980019981096209,-0.22673196075074517,0.06612326975439276,-21.71155402687524,-0.20588625592671342,0.0,-0.008946803584533347,-5.136292472922451,-4.620054095471619,2.0353468712850766,-5.292292392137798,0.08227466522019186,-1.383777672524475,-3.73882621856328,5.329526719021106,4.0341511436203685,0.3050550772061488,0.0,3.288726098153676,-0.28376834425739084,2.3170886229455423,0.9584403293667674,2.935985303308776,1.8728353425432802,-0.6197825589025108,-4.584675801814073,-14.55332661876109,-4.171382567594122,43.79156269129622,1
99,0.2669638122384453,-1.5217842848724972,0.2864999457197953,-1.5142496012411089,-1.2634730975902306,0.23737971598597718,-0.9085192715948612,1.2209970807581483,-1.0932841113869052,-0.4503483796924801,0.12997315561468348,-0.9886487866841771,5.589233232294478,1.190659848286832,-0.22673196075074517,0.06612326975439276,-17.06599920798022,-0.20588625592671342,0.0,-0.008946803584533347,-0.024010727216198485,-1.152114413561942,-0.9190872939963515,-1.7009426771235683,0.08227466522019186,1.438791191864409,2.367177825580688,2.370488688491473,3.989804026048492,0.3050550772061488,0.0,-6.260686196919892,-7.430075155532489,3.638607104108475,9.459465621842025,-3.1255412109425222,5.543987750098569,-4.508015133310629,-1.1934153186036425,-53.43062811980409,-67.27306799069272,40.47223864192882,1
100,-0.1365571676881247,-1.4613918954182128,-0.11971252937271704,-1.4571963676051245,0.6996826288508136,-1.0069083047789449,0.6771301406327939,1.1749642597640069,-1.0932841113869052,-1.1240705554403052,0.973585595909678,-0.3237231620758648,4.278990202973558,-0.5315516288736034,-0.22673196075074517,0.06612326975439276,-17.574989123382213,-0.20588625592671342,0.0,-0.008946803584533347,-0.024010727216198485,1.0908728621951047,-1.1907800970772149,-3.9064196961143787,0.08227466522019186,-3.976005131242492,-1.7751075563869394,1.964870985603896,6.570841532194071,0.3050550772061488,0.0,-4.971646377623763,5.0816418190715655,-2.666835583524858,0.5704072977088864,0.47829414438545115,-0.6477678361739225,5.420018967244352,-0.6483236055839923,-19.68363231630194,-74.47612095577631,8.009806528440613,0
