id,Gis_X,Gis_Y,Longitud_X_WGS84,Latitud_Y_WGS84,Incidència,Situació,Tipus tram/carrer,Codi Grafo,Barri,Districte,Carrer,Numero Postal,Ubicació,Tipus,Quantitat,Mesura,ALP Central,ALP Façana,Adossat a façana (<0.50m),Llargada,Amplada,Amplada Gual,Amplada Pas de Vianants,Tipus Pas de Vianants,Alçada,Amidament,Mesura mínima,Pendent Longitudinal,Pendent Transversal,Pendent,Grao / Desnivell,Tipus Direccional,Tipus Botons,Falta Direccional,Falta Botons,Detall_Altres,Profunditat,Cas No Compleix Mesura Longit.,Cas No Compleix Mesura Transv.,Senyalització Horitzontal,Senyalització Vertical,Reserva Accesible,Accesibilitat,Accesibilitat_Pred
1,-1.249763847197321,-0.4275177904441548,-1.251295162637022,-0.4357885839701422,-0.7726841659799695,-1.0069083047789449,0.9054408337887612,0.9281637549120618,-0.4452345219238315,-1.3644323633031614,1.0436544606003448,-0.6181667191493192,1.849876503513592,-0.5315516288736034,-0.2267319607507451,0.0661232697543927,-8.06728689324943,-0.2058862559267134,0.0,-0.0089468035845333,-0.0240107272161984,-1.7483311591784665,2.125394335326145,-1.407957465254836,0.0822746652201918,3.8910683051670647,-2.4824572644560385,2.30301577658966,6.137327983019993,0.3050550772061488,0.0,-5.228887943524397,-3.265203196555708,4.591804587505852,2.402174957924918,0.3650482500472822,5.440962379920232,-4.852885807632336,8.28086489009414,-17.332487272834854,-82.5285446421323,29.73452661461323,0,0
2,-1.030270995125027,0.8847008928777383,-1.047031058521087,0.8735526956119744,-1.2634730975902306,0.9931390924613914,-0.6178013387767581,0.9708293693080928,0.2352187969461537,-0.168935275268067,-0.7212203833601492,1.006091530092476,2.7812668601163897,2.2328652058042,-0.2267319607507451,0.0661232697543927,-21.179655076429007,-0.2058862559267134,0.0,-11.405104098753178,-10.529806212550811,0.3658454735923877,-3.837271460955656,-7.230731782076032,-2.2923358592119105,-1.673916234919119,-0.1163690157262671,3.445439535587143,3.655596683751521,0.3050550772061488,0.0,-4.491288851791818,-5.136214507752068,-6.22891305027133,6.13627925947694,-1.82448445426628,3.574932993109112,-3.4790369284504963,2.728672099726401,-51.78364598860483,-7.25955618481531,21.04299637791228,1,1
3,-0.6299046585439845,-0.854970863292107,-0.6229273021334095,-0.856785145766771,1.1904715604610745,0.9931390924613914,-0.6427517718353108,0.8343388425417162,-1.192984048227378,0.6599084366877523,-1.2016866213528117,-0.4865049659863924,4.964588177662274,-0.5315516288736034,-0.2267319607507451,0.0661232697543927,4.042791911446834,-0.2058862559267134,0.0,-0.0089468035845333,-0.0240107272161984,3.095025818534947,1.2861163815247654,-7.004875051060491,0.0822746652201918,0.3965914493501712,4.660755463206913,3.5370717671885674,0.4738980235118544,0.3050550772061488,0.0,-1.9544762972615564,6.398560473725516,1.5193430952100622,4.409165478906171,0.3178216541447671,0.0017240032436487,5.342110293818311,-1.0130067121519004,-41.62133202324629,-37.78282535441123,33.45664677555785,0,0
4,0.197720271415354,0.4929735075946762,0.192697766527766,0.4928827374975605,1.1904715604610745,0.9931390924613914,0.1707414260777124,1.0352741918721151,0.1031151306987691,-1.3423509083824368,1.1973876413395688,1.5745999335277885,4.825942724028095,-0.5315516288736034,-0.2267319607507451,0.0661232697543927,-4.143375197250403,-0.2058862559267134,0.0,-0.0089468035845333,-0.0240107272161984,-2.2323024108852683,0.246044323676803,-0.776206746897147,0.0822746652201918,0.7522968781044996,-8.086319080837788,0.4845878462704032,1.0948937011916056,0.3050550772061488,0.0,-1.1046785489984918,7.774685152952367,1.4525042468346578,7.380720091150104,-1.587976011563862,1.4515865878515155,2.289548037313902,-3.20005040399676,-6.24764882318118,-38.91890987319761,32.00494765348998,0,0
5,0.5660519603753108,0.6009881439203381,0.561796499616001,0.6033491858756286,-1.2634730975902306,-1.0069083047789449,-0.2293581257705991,0.8185950706765208,0.1031151306987691,-1.1467479232725029,1.745388911457619,0.7863808511039501,-0.1151936748668627,2.425585383293964,-0.2267319607507451,0.0661232697543927,-6.331800485765534,-0.2058862559267134,0.0,-8.941360606176083,0.9742860741641658,-2.097004824822602,3.3415143674523087,-4.467820723661861,0.0822746652201918,3.866141739639972,1.9960222084884176,1.2886572312441191,0.2808327143590633,0.3050550772061488,0.0,-5.748841292015288,3.239605060106044,4.925232107999749,11.120371869192976,-13.71584581884271,-1.315366779590727,1.158475632136314,5.598203139661996,-7.904862628155179,-47.22303274120339,10.42452452014602,1,1
6,-1.142396881013138,0.1746378802898384,-1.1508960316086905,0.1651051372730397,-0.7726841659799695,-1.0069083047789449,-0.3397414588611616,0.614927256602249,-0.3953845535035951,-1.328369300647771,-0.7289832356784629,-0.2255753097180466,2.3410681874176267,-0.5315516288736034,-0.2267319607507451,0.0661232697543927,-4.296128808868051,-0.2058862559267134,0.0,-0.0089468035845333,-0.0240107272161984,-2.261118253773518,1.4478110798104629,-4.60934413133022,0.0822746652201918,4.117243726624348,-2.5132333024919395,3.345296001354539,3.882781150463917,0.3050550772061488,0.0,-0.5497922772149453,-10.11040641585428,0.2742948246439622,5.354959634196427,-9.249935523358982,3.875851165058125,6.022067824892374,13.35446207596422,-26.492629421096947,-3.3578817910539698,43.16442310639606,0,0
7,-0.7621159506939501,0.800562547698918,-0.7762908547060273,0.7918595469420293,1.1904715604610745,0.9931390924613914,0.9820726971780442,-1.083305987361796,0.3523649727999513,-1.3798089726035363,-0.0962718455612483,1.5745999335277885,5.581159369346658,-0.5315516288736034,-0.2267319607507451,0.0661232697543927,-16.59920433720054,-0.2058862559267134,0.0,-0.0089468035845333,-0.0240107272161984,-5.2462744722486985,-0.7811572199206585,-4.9086479378241705,0.0822746652201918,3.4124543379296446,-5.717698618623734,4.30685824127688,0.0432567073493677,0.3050550772061488,0.0,2.382606107901058,-6.463993883632992,4.878787180049331,2.665471749652963,-1.0895200478010736,-2.0068533018354637,1.879354162154204,0.7022838679804355,-30.206574940574523,-73.1941481719722,10.45150425145978,0,0
8,-0.8067505909325537,0.1943525680943666,-0.8136591449439641,0.1874340438592476,-1.2634730975902306,0.9931390924613914,-0.6236896161765618,0.701167970164589,-0.3035869401702622,0.1689320207129485,-0.6582139148574957,-1.167054594095785,4.596891631651033,0.8798672157035493,-0.2267319607507451,0.0661232697543927,-13.841935810760468,-0.2058862559267134,0.0,9.512197110040043,-5.609251746946787,-5.418883142326089,1.5666165429766703,-6.055993726263104,-5.496133227181729,-0.2974007163695384,3.495771959910398,0.0407671626725609,1.9207630356579168,0.3050550772061488,0.0,-5.585868701922951,5.170516536057368,3.8667668754576,10.985923401861442,-5.530020804415567,2.17584347681236,1.962812780866664,15.624210791612366,-51.45605420485966,-5.597887100595258,43.4268705533573,1,1
9,0.3540815431338944,-0.1635112426323233,0.3577927665555485,-0.1600839575630668,0.2088936972405525,0.9931390924613914,-0.3533586524390003,1.1186371418843493,-0.0464347745619401,-1.263791194987805,0.4590500522110506,-0.3692063131685122,5.066565847316435,-0.5315516288736034,-0.2267319607507451,0.0661232697543927,-7.068122936793536,-0.2058862559267134,0.0,-0.0089468035845333,-0.0240107272161984,0.5762899527398142,5.138271898264085,-4.035165805901323,0.0822746652201918,-1.3320432601469545,-4.575657645928219,5.112606811103895,6.820907361099664,0.3050550772061488,0.0,1.5018351901363245,-5.6295931789747184,-1.7439945382806918,8.11412234714896,5.986307614339513,-0.8555724987581081,-4.58733912610475,2.386376780596072,-27.310088646502557,-61.18535653956842,7.68608683304264,0,0
10,0.0764930861826153,-1.4986905590932005,0.0948250971950832,-1.4927107895581473,-1.2634730975902306,0.9931390924613914,0.541013680878033,-0.4067149988139469,-1.0932841113869052,0.5090898640264601,-0.2133334282073125,-0.3759576106380803,1.2631673392956526,0.9980019981096208,-0.2267319607507451,0.0661232697543927,1.2598596222184495,-0.2058862559267134,0.0,-0.0089468035845333,-0.0240107272161984,-4.187183026819067,1.136514666884235,-0.0992112478746038,0.0822746652201918,2.0742952423796943,4.379848933142979,3.753588817792188,1.17809171836877,0.3050550772061488,0.0,0.0709560248772991,-5.998245218242581,-0.059574117770798,2.135943913396854,-13.188410700984788,6.671193608312479,-5.59531822700342,12.56045667420284,-16.44748038903242,-62.19582286754483,28.405752968079547,1,1
11,-0.2131769094343754,0.7231241130177141,-0.2233249880345662,0.7190145609498967,-1.2634730975902306,0.9931390924613914,1.331184253653758,0.3459623827481841,0.2521452418269345,1.3220801498769776,0.2168182167797457,1.3406016938911522,-0.0484675179913939,0.9980019981096208,-0.2267319607507451,0.0661232697543927,-18.72089221495128,-0.2058862559267134,0.0,-0.0089468035845333,-0.0240107272161984,-0.3358441677164867,4.870364739272363,0.1026373767440871,0.0822746652201918,4.403249481052598,-4.01054362281119,1.547435500524866,2.665354962635894,0.3050550772061488,0.0,-4.942058362400598,-3.6867953955522808,6.0537001728260265,4.289308913925492,5.233771586188208,4.138459283079597,-2.9196279141047774,-1.5544247030528693,-6.62020960477264,-21.51432263145376,10.187066882738293,1,1
12,-0.1763926910795404,0.6766993841844409,-0.1856504056813418,0.6730227304393475,-1.2634730975902306,0.9931390924613914,-0.9035877946944686,-0.8288505536387374,0.0029752627680843,-0.3876817111597488,0.3362448734096157,-1.4248941885294342,5.316915143214044,1.2457296055344045,-0.2267319607507451,0.0661232697543927,2.44437157669271,-0.2058862559267134,0.0,-9.607001410592629,-10.428694793406036,1.354614826476788,2.78186118847695,-7.184463981719321,-3.324704484707463,-0.8438704522811786,1.5797273666179097,2.9653391965784826,0.0127010137879323,0.3050550772061488,0.0,2.565393467178376,-2.779999189782343,4.147627439813727,9.127733407309846,-5.817963306975029,-3.2483654733876253,-1.8400860142423852,8.582023264126184,-16.755132436243194,-51.21199194364487,1.406918202656494,1,1
13,1.813096631298379,1.033418490251855,1.8108908491735884,1.0436188842130452,-0.7726841659799695,-1.0069083047789449,0.04241339232919,-1.1139338347490952,1.2995143727844434,-0.8890404628276269,1.4766172961516288,1.5745999335277885,1.0241771435517657,-0.5315516288736034,-0.2267319607507451,0.0661232697543927,-0.2398356397731333,-0.2058862559267134,0.0,-0.0089468035845333,-0.0240107272161984,-2.4570869125480184,-2.378859901844816,-3.2400870028004345,0.0822746652201918,-2.091086981420125,-2.834325749384636,0.05030427647112,6.202845139853448,-3.335180717156656,0.0,-7.569325213537233,-11.642498893662475,6.218091255698726,9.18845985625644,-1.777951756582267,5.179918786197521,-3.5541304873615203,-3.53439162152889,-30.30686926073519,-38.73397000854637,34.07646038513126,0,0
14,0.0348209630395789,0.0241317520598096,0.0345597290015005,0.0244307379982838,0.6996826288508136,-1.0069083047789449,-0.6699789790447517,-0.3564726418359725,-0.0464347745619401,-0.10414028573051,-0.6766930381481147,1.4022427293872295,3.873114154700064,-0.5315516288736034,-0.2267319607507451,0.0661232697543927,-19.701133240747183,-0.2058862559267134,0.0,-0.0089468035845333,-0.0240107272161984,0.5054752188737437,-4.068316340676764,-1.5099463653513752,0.0822746652201918,-3.402350315465024,-2.103598461695036,4.053728054920282,7.403366029632011,0.3050550772061488,0.0,-0.2836073823738063,-1.135437205537782,-6.312385337449856,2.1716796639160005,-9.086372889418325,5.558113158334479,-1.9710760081928864,14.031884180898787,-38.56814186577402,-8.210960835867098,4.7071122563627865,0,0
15,-0.6392073778533123,-0.049394888783094,-0.6422026847237067,-0.0541227956422473,0.2088936972405525,0.9931390924613914,0.5982744003217764,1.4023289130422674,-0.2956846166631223,-1.4669142106186617,-0.3639976569166317,-0.7522223223697537,1.1469046034671009,-0.5315516288736034,-0.2267319607507451,0.0661232697543927,-11.704824909711531,-0.2058862559267134,0.0,-0.0089468035845333,-0.0240107272161984,1.675499025159854,4.559071871560249,-5.223829657554136,0.0822746652201918,-3.2264139713331312,-2.966570388789448,5.221864088057333,-0.1205736305825968,0.3050550772061488,0.0,1.906654755954145,0.3753434456882125,-2.624632758113317,9.897655478751464,-4.369424012332871,1.1690636357420845,-4.4885252334696295,5.290549854601638,-19.746359571833715,-7.160483035875274,39.44066940070083,0,0
16,-1.0378467071676505,-1.6881606171508092,-1.022593080265642,-1.6902931032899635,-1.2634730975902306,-1.0069083047789449,-0.3104888118473355,-1.352373828473966,-0.9260078230368686,0.4930544780544039,0.4656700935293217,-0.4405344976939325,2.430054130620717,0.6178686282271312,-0.2267319607507451,0.0661232697543927,-16.482416463783252,-0.2058862559267134,0.0,-0.0089468035845333,-0.0240107272161984,-1.0584230054974515,3.615345811246865,-6.984049192347047,0.0822746652201918,3.505022076781102,0.9438164329121346,0.5542697926193659,5.926284280870988,0.3050550772061488,0.0,-2.9930758153993704,1.0818426757319255,4.493381196846549,6.489454292746892,-4.075292040235594,6.5017000348380565,1.730974960778874,1.813271562063484,-43.72774200241661,-70.2295896163476,26.305989586348566,1,1
17,-0.4286775357091381,0.7700877174599822,-0.4405865950434293,0.7641313320731424,2.1720494236815964,-1.0069083047789449,-0.9692667245158256,0.6387242695409494,0.2526650359594784,0.0568106675310005,1.31765509565937,-1.140026031686011,5.116857411978215,0.0802698219196862,-0.2267319607507451,0.0661232697543927,-14.779409901435638,-0.2058862559267134,0.0,-0.0089468035845333,-0.0240107272161984,-5.434301481143114,4.795791807982653,-4.568554010026716,0.0822746652201918,2.234985417289103,-6.986361064940365,3.245057110047238,2.083321217530825,0.3050550772061488,0.0,-6.859098370853932,9.565949297477689,3.86602964417084,11.078135816603211,4.955934669332084,0.9795595463574038,1.0880958477788845,1.5042620154977682,-34.182887130588924,-40.70077798960885,24.523269280592693,0,0
18,-0.492035407622185,0.56223952742763,-0.5017607514281357,0.5565125224039387,-1.2634730975902306,0.3637360819090498,-0.0260363596115231,1.3412193123818752,0.2341900441952234,-0.4835768575151029,1.0237608229192665,0.6168353729116421,2.9328123354868567,1.1584491386711957,-0.2267319607507451,0.0661232697543927,-3.373868719700244,-0.2058862559267134,0.0,-10.719114196936935,-0.0240107272161984,-4.647641271188591,-1.3943242213093083,-5.539661734141369,-4.267798039385099,2.4967733855755725,3.2529444136516013,2.220742484816063,2.294556632796616,0.3050550772061488,0.0,-2.619535508462058,8.105914322094977,4.588867168246001,11.42188703094924,-6.661782758929369,4.679208663585995,-1.771425130784591,-1.0692422735277778,-7.244324327837695,-41.308517086532525,34.98733985566498,1,1
19,-0.6219537838157715,0.4023127769306161,-0.6304231170506578,0.3961278920959998,-0.2818952343697085,0.9931390924613914,0.4598475540161741,-0.1789129491313663,-0.2458346482428858,1.3973196750893488,1.499624983064982,-1.0753920801333012,1.8484052841256555,1.3039127235062655,2.494982829816932,0.0661232697543927,3.2907819018060565,2.4270977086330654,0.0,-0.0089468035845333,-0.0240107272161984,2.0689389835142613,-1.820377254268132,-2.266632985873112,0.0822746652201918,-3.9837695053131377,-0.3897540705745026,5.663217528659235,5.327790280884543,0.3050550772061488,0.0,-3.682294457204761,3.308328164177313,5.687917147630735,7.837228478925496,0.5978154326787166,-2.1830575692178376,5.496097542911893,16.39321257794263,-11.839609720647497,-60.394926549193954,20.66453150928512,0,0
20,-0.6460820214953205,0.7133199265616126,-0.6585171156247402,0.7058443318541536,-1.2634730975902306,-1.0069083047789449,0.4118523816289041,-1.4055209620306734,0.258357587628131,-1.4500575861876697,1.1162088032577415,0.6111466931407181,3.708129427937594,0.7940615145118576,-0.2267319607507451,0.0661232697543927,-5.1244992624700565,-0.2058862559267134,0.0,15.513381698053845,-9.95267483678844,2.105799169439778,3.786109725316667,-3.505119219831167,0.042320704944645,-3.504552499344132,-0.4911736969948901,1.4211320069259936,5.263350934572953,0.3050550772061488,0.0,0.5463232613906452,0.0786841604344488,3.3315593936267405,10.418159169899342,4.70136386814626,5.626771344426152,4.779668350197581,9.64167260873777,-8.786812932554255,-10.931795121785896,29.385984864196963,1,1
21,1.2525631144521026,1.9912361309510365,1.2359367073645484,1.9938988743177817,1.1904715604610745,0.9931390924613914,1.203524101506233,0.3976027798874182,1.1998144359439706,0.0818929292320476,-1.4537253734490905,1.3759103787546445,0.633460195099943,-0.5315516288736034,-0.2267319607507451,0.0661232697543927,-7.344398818097966,-0.2058862559267134,0.0,-0.0089468035845333,-0.0240107272161984,1.4530088471175835,3.30760487852499,-4.775319996635856,0.0822746652201918,1.59066458803051,-1.64725205503981,1.928024807109063,6.080827385590626,0.3050550772061488,0.0,-4.8503749538519525,11.86034693638547,-0.3247553497188464,7.571012421942519,-1.3329093105498355,0.1172455979579649,-5.004878795286407,10.457326556353545,-33.841383247602145,-57.09926354617724,12.412680154328978,0,0
22,0.4680380849893832,-0.247791223741612,0.4733634484916595,-0.2431922862016118,-1.7542620292004916,-1.0069083047789449,0.9027304803891724,0.3913916506354475,-1.3425339534880874,-1.1158424225662231,0.1128889445601448,0.016203546090237,2.6354011265313666,-0.5315516288736034,-0.2267319607507451,1.2224502817447718,-2.8771178314879577,-0.2058862559267134,0.0,-0.0089468035845333,-0.0240107272161984,0.917412765772033,-3.5496332261963044,-0.5642069816260138,0.0822746652201918,4.62945873546314,-4.575449238400605,0.1129458818387954,5.509260134576191,0.3050550772061488,0.0,3.2817918859285307,-10.46798292476745,4.717136379447856,8.995793765975591,-4.879751806468795,-3.0516397468560394,-1.3868236949969883,4.669898332182029,-29.711445412279613,-22.771204293108436,36.14535780535651,0,0
23,0.5145536819330934,1.975567598769126,0.4936418797583957,1.972684863370632,-1.2634730975902306,0.9931390924613914,-0.7787072943781583,-0.3726837507399401,0.9301579459994288,0.0232366941185995,0.2532157340121198,0.1461713645396471,0.0204856156973011,0.9980019981096208,-0.2267319607507451,0.0661232697543927,-5.701434630811143,-0.2058862559267134,0.0,1.2230352382000858,-0.7040134033035272,-1.068890677923048,-2.0289856433993134,-5.28038030557172,-11.646896823531746,-0.6189845716673932,4.553165224431671,2.536821763962958,4.29061740428304,0.3050550772061488,0.0,-5.46768344450635,-1.5050165886931044,4.78061209803599,5.127079308092741,-9.99935359896697,2.78640128088562,0.8775158821705293,-0.0667296047897192,-5.3383346522602295,-34.72823834127217,12.982298200431876,1,1
24,0.1416549778222268,-1.547599830520569,0.1608931104957148,-1.5409412066481143,-1.2634730975902306,0.9931390924613914,-0.2735107880964773,0.6971046263250829,-1.0932841113869052,0.2027811816752098,1.0055094440322083,1.494087632198931,3.6653666256281543,0.9980019981096208,-0.2267319607507451,0.0661232697543927,-5.407219966593889,-0.2058862559267134,0.0,-0.0089468035845333,-0.0240107272161984,-4.74845954540705,-1.6081028928493477,-1.601206428748065,0.0822746652201918,2.6711138726568704,-6.161342815454754,3.9701012090944574,6.815624273150502,0.3050550772061488,0.0,-5.108255139782079,11.682122500323397,-0.4024889982818918,9.256427675066243,-8.54568525558454,-1.6517942421520857,3.531376519419364,15.90672513374495,-22.90883946912708,-2.3799701952505217,21.959011365959963,1,1
25,-0.1875922593239895,0.4850291478526755,-0.1946567892609441,0.481955703702735,-1.2634730975902306,0.6234203018499487,0.9162118121260332,-0.7715899292035416,0.1843850342692517,-0.3856985641832098,0.9841226228398188,0.2910910739869194,0.6631849935631178,1.261897945473473,-0.2267319607507451,0.0661232697543927,-1.2879970996258976,-0.2058862559267134,0.0,-9.597879696730653,-0.0240107272161984,-2.1998742784868064,0.4469634183702693,-2.597241173463371,-2.199341515258816,1.829631597119766,-4.769859648937543,3.871312845751579,7.143374285594817,0.3050550772061488,0.0,-1.8152410792089,7.7888736116010815,5.162772437135093,3.3711906772097286,-12.241382155869292,-2.172134425688365,-2.2128303668451843,14.935836639676918,-45.94678259060844,-1.4480693896094865,19.13383059920053,1,1
26,-0.5139505071702588,0.7915330348731476,-0.5266062727443784,0.78482847991655,0.2088936972405525,-1.0069083047789449,0.099210913882044,1.2188476930833154,0.4022149412201877,0.9917293186922858,0.2436144383860156,1.5745999335277885,1.8434803287692536,-0.5315516288736034,-0.2267319607507451,0.0661232697543927,-16.851107611158834,-0.2058862559267134,0.0,-0.0089468035845333,-0.0240107272161984,-2.4255295165305624,-2.333504911642359,-3.348049466210252,0.0822746652201918,-0.7162422523800509,2.7317343550517563,4.206607370063772,-0.1122036793425757,0.3050550772061488,0.0,1.5452366329969038,-2.532942609117317,-4.673283458877785,5.887343872410251,-11.716188579058048,5.385396772063374,1.1537231756663615,8.159215057829254,-26.88119348568248,-73.48978408809548,25.17252153104121,0,0
27,0.8495707525679872,1.2101125941521402,0.839714542762891,1.2124867130481447,-1.2634730975902306,0.9931390924613914,-0.5260901975288724,-0.6576008222851084,0.8563950837351397,1.0875786862385437,0.7552526016416753,0.2244459216283439,0.2583827052919165,2.425585383293964,-0.2267319607507451,0.0661232697543927,-7.103647922433177,-0.2058862559267134,0.0,15.535010684724032,7.786238416931431,-2.581962846359226,-1.3220233371349308,-3.558946792044686,0.0822746652201918,-3.804927972268607,0.0020159156770933,5.289641142859662,5.960697040476263,0.3050550772061488,0.0,-3.2681828964059347,11.508169311128084,1.7703500107874213,4.35871428587802,-10.158016495338366,1.8876849387173005,-3.7918318211643647,10.754766186706156,-24.84883371328016,-9.815468653125563,6.873291449405066,1,1
28,-1.6791415307805944,-0.1514700185144609,-1.6864221340144172,-0.1641963034525082,-0.2818952343697085,0.9931390924613914,1.0947947729766687,-0.2548718729182238,-0.495084490344068,0.9608143516964076,-1.4600001971527323,0.1430775991381482,5.518691050890037,1.0999722399085026,-0.2267319607507451,0.0661232697543927,7.009825751018237,-0.2058862559267134,0.0,-0.0089468035845333,-0.0240107272161984,2.9632027320330137,3.022690950701728,-3.772309001431288,0.0822746652201918,2.4643156091157614,-1.435264565326296,5.586105901597553,5.539343225665607,0.3050550772061488,0.0,3.8550718156109145,11.94204158458423,5.786343035851548,8.081234977365531,-6.976294767483418,0.9883030931276436,3.012638814290232,8.920676051083385,-14.810556151280394,-5.977308274107955,34.71195469616552,0,0
29,0.180781712058875,-1.53287527148434,0.2000326444627513,-1.5259662951163129,-1.2634730975902306,0.9931390924613914,-0.2357286997474514,-1.4354170114033598,-1.0932841113869052,0.8559611879797902,0.6065399368643476,-1.0724116202323315,4.125030696664998,0.9980019981096208,-0.2267319607507451,0.0661232697543927,-6.044512646689919,-0.2058862559267134,0.0,-0.0089468035845333,-0.0240107272161984,-3.282720355058526,-2.6457563697561044,-1.4336133926197734,0.0822746652201918,0.4121457792728726,-7.608711998206567,5.263031684066653,2.013595328376793,0.3050550772061488,0.0,1.236443180258764,-4.958597832580268,2.152487404784047,4.635845077291907,-10.985185676953048,-0.6455590614508022,2.9193837794766457,-4.301238449903428,-7.516898309349607,-9.607085745746517,24.85371521226485,1,0
30,-0.8091047584766567,-1.8513363245294312,-0.7907153281643629,-1.8510620752579343,-1.2634730975902306,0.9931390924613914,-0.2382079399692961,0.4189004652609966,-0.9935841745464322,0.1871059998998734,0.0914815163066531,-0.0458181663403254,2.5918304694551138,0.9980019981096208,-0.2267319607507451,0.0661232697543927,-14.278639944576836,-0.2058862559267134,0.0,-0.0089468035845333,-0.0240107272161984,1.2551845822936736,2.059432395494426,-0.2166384552340643,0.0822746652201918,-2.7178518301571404,-7.981505874883156,4.521613072343909,1.6862861226942052,0.3050550772061488,0.0,-5.168436628778731,5.478840534533413,5.0291402489395605,9.726629447366912,-3.491425753148759,5.85896159348236,2.67296351836631,4.857776096546443,-3.4353594087542163,-31.83159896388041,3.239372971230833,1,1
31,-0.40852357116885,0.7118277082016958,-0.4196044411961331,0.7062355844224588,-1.2634730975902306,0.9525402552015638,1.105882109110361,1.6857506792472765,0.2526650359594784,-0.0770781820585568,0.1932714815518472,1.4936340185019068,2.631486519090356,0.7940615145118576,-0.2267319607507451,0.0661232697543927,-13.259313193113812,-0.2058862559267134,0.0,10.824009950308469,-9.94713000813416,3.872414398113301,-3.043625550737545,-1.420779341937596,0.0822746652201918,3.9591868345915566,-4.970523786279982,5.368259543511337,2.095272033597937,0.3050550772061488,0.0,-1.7520054981063478,-4.320041874429287,-4.893880552805577,0.2058842584307599,-8.096450891357712,-1.5786294661028026,2.878750657814062,6.62507448276962,-20.726073127281545,-56.43706634904235,1.8391455913854495,1,1
32,0.7213978659836644,0.7483123976197271,0.7162684462709921,0.7513399502752126,-0.2818952343697085,0.9931390924613914,0.9995524563604978,-0.1918786665780072,1.4490642780451528,1.1211666832183511,-1.717267969002046,0.5596075091444984,4.984078144463168,1.3039127235062655,2.494982829816932,0.0661232697543927,-12.703283644919638,1.110605726353176,0.0,-0.0089468035845333,-0.0240107272161984,0.8046686956550628,-2.953239650011977,-5.1247814884248415,0.0822746652201918,-0.5798648064786183,-3.979336421835103,5.040667396975,0.5999546114803114,0.3050550772061488,0.0,-6.875620906267311,3.352783312907661,3.360168244226021,6.569313533525874,-2.332097791571954,4.021080062101395,-3.4295128595000515,8.966063817839279,-14.969223340307371,-73.98783778278077,3.316682544655895,0,0
33,-1.1408497399650963,0.2489261758003519,-1.1501912277455637,0.2391228154100259,-1.2634730975902306,0.0599149677625094,-0.8419362508077048,0.2384191202197727,-0.0962356441651421,0.2039289336911556,1.280607246126204,1.1010034487004492,3.630261718967993,1.6641138397147597,-0.2267319607507451,0.0661232697543927,-1.8523330395759243,-0.2058862559267134,0.0,9.31831505610503,11.158626036081488,-2.819520606647337,2.716689828642957,-6.03103166699129,-0.2016450590489963,2.8782224370778007,-6.176975433571691,1.229482402448531,0.4100751895008734,0.3050550772061488,0.0,1.3526667060871738,9.300478802678638,-1.430526541548919,8.804491950017225,1.4652750854608725,0.4020639958150789,-2.77175786908562,11.831079461040822,-21.143929607016524,-57.4072720228861,34.56354753858699,1,1
34,0.6370069269087196,1.1791531621277365,0.626269613241515,1.180017735813048,-1.2634730975902306,0.9225563456615812,0.963496987787514,1.6066121455676772,0.63679945806348,0.7466224603933616,1.5475318434408412,0.1606247319037217,2.212875077089793,2.425585383293964,-0.2267319607507451,0.0661232697543927,-1.8640795501182303,-0.2058862559267134,0.0,1.559805635667583,-0.0240107272161984,-0.5331740959231448,-3.169269086723026,-4.946693101727126,-3.1999531671344594,-1.2046531454609983,-1.278139879150121,4.882385847419172,7.16111829865598,0.3050550772061488,0.0,-7.094510085687471,-7.183522061257766,-6.256217063213995,2.286656493109185,-5.766605211873548,1.872084732795704,-5.1042432733238,-4.273987799274349,-17.880849712146812,-80.96814088048413,36.83725657831008,1,1
35,-1.4041850120041035,-1.4331808646536688,-1.393867125536339,-1.4391500421466927,0.6996826288508136,-1.0069083047789449,-0.9013688939636214,-0.9957385791230062,-0.7941843008654865,-0.279725565615228,-0.6442731156792987,-0.4218710144336829,2.0764029901947114,-0.5315516288736034,-0.2267319607507451,0.0661232697543927,0.3682891610590246,-0.2058862559267134,0.0,-0.0089468035845333,-0.0240107272161984,-3.32748755453686,1.7442931235641597,-7.348214108630271,0.0822746652201918,-0.0461574739587629,-0.5155275468853651,2.187701008418452,6.029001158267148,0.3050550772061488,0.0,-5.072659790878448,-7.457793433193945,5.37069870686752,3.52352375065852,2.817934239974196,0.1602518189546029,3.4239368622389383,13.2685542084864,-0.4840992617227968,-14.055615036228003,36.69628382158161,0,0
36,-1.869480491446796,-0.4421270533213438,-1.8740657099766715,-0.4553827160208125,0.6996826288508136,-1.0069083047789449,1.1016549559088813,0.0519898129848284,-0.5947844271845408,1.0089464503074286,-1.318816663820792,-0.4745357156988536,5.435471055350204,-0.5315516288736034,-0.2267319607507451,0.0661232697543927,-12.336146823282824,-0.2058862559267134,0.0,-0.0089468035845333,-0.0240107272161984,1.497225692839339,-1.873970230877396,0.1296123617964655,0.0822746652201918,-0.0886904021415295,-0.5263759917419835,3.547220357884062,2.222042916973909,0.3050550772061488,0.0,-7.312425086303398,7.39926689520224,-3.503614420215535,9.984551247961692,-3.631068227505745,5.626886871450593,-1.1336310441909534,-3.3586963111833983,-17.66726564295802,-19.06258086988157,27.171477415657428,0,0
37,-0.7217166848366732,-0.4344940979632669,-0.7203979868310585,-0.4385180183471739,0.6996826288508136,-1.0069083047789449,-0.0414070312997953,1.858145275621192,-0.3455345850833587,-0.825005578540859,-1.2006408174022047,0.2627701020135362,2.559025388045638,-0.5315516288736034,-0.2267319607507451,0.0661232697543927,-11.761473649560171,-0.2058862559267134,0.0,-0.0089468035845333,-0.0240107272161984,-3.5000696769397965,-1.9653633439751328,-4.478042975236056,0.0822746652201918,-2.0220255877103424,-3.4709994835317097,4.047314579980079,0.2657097456312242,0.3050550772061488,0.0,1.7646418863944753,-1.6189119438996684,-5.980318011749498,8.400682935988307,-0.8097631855695688,6.744218016851099,5.292327051056001,5.3973736628861015,-5.940708313727498,-8.737290006849847,19.77824739413937,0,0
38,-0.0766630974153544,0.4284829028511042,-0.0824300943484706,0.4264890550511714,-1.2634730975902306,-0.951935720864967,1.443321378532087,0.88537605254623,0.0560054789089003,0.423888210529753,-0.8163133648822861,1.3906837026660277,0.9535150999232284,0.9980019981096208,-0.2267319607507451,0.0661232697543927,1.3263684471961312,-0.2058862559267134,0.0,-0.0089468035845333,-0.0240107272161984,-3.727277759618609,1.8342436669742157,-2.6069745390416843,0.0822746652201918,-3.4947574284568006,-3.5653630512808663,1.001869570213407,7.359402599560959,0.3050550772061488,0.0,1.1673065881274027,7.387106174963938,6.127104923197971,4.586880374746821,0.8578149587575457,2.706743585401634,-1.649708725406959,-0.6064181474265773,-30.26177012928912,-57.467800757126994,34.993091817147345,1,1
39,0.0883325553373581,1.5305524248338895,0.0701848972821672,1.5259450972473996,-1.2634730975902306,0.9931390924613914,1.411936810286018,0.4030527233993959,0.7335715064124688,-0.7988449613459531,-0.4822823348732702,1.5745999335277885,4.998705589910792,-0.1236706616780769,-0.2267319607507451,0.0661232697543927,-7.855334727248742,-0.2058862559267134,0.0,-0.0089468035845333,-0.0240107272161984,-5.058875828320285,2.225959427639752,-4.696509119318119,0.0822746652201918,1.7444458465240853,0.77825859530871,1.565738078964829,5.79224515382849,0.3050550772061488,0.0,-2.556080271542108,-8.33415394275641,-4.259103656517132,5.6419970083232895,-11.84323439220122,0.4400034467337304,5.072456099951327,0.7817286706721722,-21.472483871831955,-58.59576204510417,20.3815896734084,1,1
40,0.0257962053177531,-1.427295938475564,0.0430208382510928,-1.421957703798339,-0.2818952343697085,0.9931390924613914,-0.8186361204954669,-0.6741334121978216,-1.0932841113869052,-0.5975847276238557,-0.8251971991343038,-0.4218710144336829,3.8620180858851305,1.0999722399085026,-0.2267319607507451,0.0661232697543927,-6.894486782906348,-0.2058862559267134,0.0,-0.0089468035845333,-0.0240107272161984,0.0684479552051815,2.854710502198161,0.1546077171200117,0.0822746652201918,-3.7963347472247153,4.822614483235608,4.19758569666123,4.739932220559955,0.3050550772061488,0.0,-6.826076535274547,-0.0928815487606939,0.3856636175941235,1.5180226815145197,2.484533186324992,3.913046359741037,-5.885236613693205,9.077229612950012,-20.46387555103115,-41.63142985696015,23.26069110833847,0,0
41,-1.3294611991497685,-1.4022982741408496,-1.3191668006543875,-1.407772834971264,-0.2818952343697085,0.9931390924613914,-0.6337336469928545,0.7978867042436666,-0.7941843008654865,-1.3943142188419917,1.4264187065224945,-0.0077349544848405,5.005188433400874,1.0999722399085026,-0.2267319607507451,0.0661232697543927,-15.116473801325748,-0.2058862559267134,0.0,-0.0089468035845333,-0.0240107272161984,1.6387451894445748,-0.8908612319670532,-1.9215399401218312,0.0822746652201918,2.811250001019175,2.430414035384469,3.7902274888317407,1.907313514086144,0.3050550772061488,0.0,2.53234251812627,1.7065741280119102,-4.761429327874635,7.698978456938833,-5.825931032660024,-0.0368617801561952,-0.8246567114168988,11.723534216536429,-45.03612806069947,-40.61836032491431,10.2035334467425,0,0
42,0.5168254587156742,-0.2832233899437315,0.5228320470627478,-0.2781260808153615,-2.2450509608107527,-1.0069083047789449,-0.881947217895236,-0.9174136704813086,-1.3425339534880874,0.7584673470680174,-0.7833650411100251,1.5745999335277885,3.570030022188382,-0.5315516288736034,-0.2267319607507451,-4.97368995394715,-3.2731681904977137,-0.2058862559267134,0.0,-0.0089468035845333,-0.0240107272161984,-4.9539419281003845,1.7876918570527254,-1.2167631951414384,0.0822746652201918,-2.990221481567269,-5.35654726432997,2.0231202808106934,4.031902141729516,0.3050550772061488,0.0,-2.4582240037012757,11.854955969691948,-3.9306473855752384,1.3916393345661335,-10.617686633662515,0.0838531346181952,2.0370307053416505,0.6925277250763626,-12.504662536710889,-58.7409769032338,5.406628874881854,0,0
43,0.6759475343270323,0.6347703276249989,0.6719081642451807,0.6378514967709559,-0.7726841659799695,-1.0069083047789449,0.1665705156681822,-1.1687955865850284,0.1031151306987691,0.4920826778919407,-0.2740585171644326,-0.7809485230598469,0.6740539318739356,-0.5315516288736034,-0.2267319607507451,0.0661232697543927,-11.8422332811102,-0.2058862559267134,0.0,-0.0089468035845333,-0.0240107272161984,2.519630772380516,1.4485069978497034,-0.9988947098508812,0.0822746652201918,-3.432784159032509,-7.5386046275189935,0.1457583249484571,5.698596728871818,0.3960609720652189,0.0,-3.4766516041589144,-8.070664320617798,-2.66024386286787,7.293260833877123,2.4263086576435065,4.482684399467316,0.0276155701813012,-3.0427249262236247,-1.9499943240990163,-9.36607058464162,11.09138876367548,0,0
44,0.8514513558567476,0.3921431279690582,0.8512637467077335,0.3974127102356382,-0.2818952343697085,0.9931390924613914,0.6668686785622797,0.4323939653943536,1.5487642148856255,-1.7471834563958095,-0.2771959290162535,-0.0484304054624724,3.648601736582046,1.9157341742995555,-0.2267319607507451,0.0661232697543927,6.694033211877642,1.110605726353176,0.0,-0.0089468035845333,-0.0240107272161984,3.6414198687130903,-0.3997273091948492,-6.9301431074239215,0.0822746652201918,-3.5170339311749936,4.5264101288987,2.5228522582803667,7.077644578285101,0.3050550772061488,0.0,-4.658910441842748,2.1569247786503105,-1.3964979538452065,1.6121733717451348,-3.50953465497774,-0.6178628597881093,-5.992597701123395,3.5619108293172843,-50.52456228023481,-61.26616110827639,40.46670355216672,0,0
45,0.8738531786138717,-0.8029377091311003,0.8878754698745096,-0.7932952477586922,-1.2634730975902306,-1.0069083047789449,1.1826552467076046,-1.2365884341258204,-1.44223389032856,1.260182221753419,0.8690052008489814,-0.2758461609257096,2.3922162590424176,1.507853207104029,-0.2267319607507451,0.0661232697543927,-12.675388155563583,-0.2058862559267134,0.0,-0.0089468035845333,-9.94713000813416,-1.5718169070751262,0.4780200177097118,-2.6437389439725925,0.0822746652201918,-0.9959506696389866,-7.418795219481993,0.3425169606618448,2.5868881476119974,0.3050550772061488,0.0,-1.576739069865333,7.452754871417705,-3.222784665230629,2.307543244107398,-3.5925677282819937,2.694537340421002,3.5285475740400623,1.7775160210183565,-30.40831688892333,-74.89077628532432,38.57178619984032,0,0
46,2.147658339893868,0.4782536191612065,2.1536866176451723,0.4928549987967164,-1.2634730975902306,0.9484868234375724,-0.0075346273126426,0.9596944881661128,1.8500898868579283,-1.734437790270405,0.2866042490412948,-0.655806894580633,3.557826662230443,2.425585383293964,-0.2267319607507451,0.0661232697543927,-11.79762089844554,-0.2058862559267134,0.0,9.91601711202541,10.125113745193447,-3.606356957217865,4.388731374964959,-6.9307498628469055,-8.62964595821636,0.3069677976903255,-6.504115922145456,1.3309475837760465,4.571353420681158,0.3050550772061488,0.0,-5.893928277316603,3.790070455741189,-3.834033803775422,1.5546630873980023,3.201458284510068,6.76534746844082,1.2061994100289928,3.238310824363792,-28.20394081247423,-4.128300708369395,9.153338012543507,1,1
47,-0.618713840133212,0.2045272985298183,-0.6247283347010543,0.1990654079620415,-1.2634730975902306,0.9931390924613914,-0.9372412598576708,-0.8306549995986914,-0.2458346482428858,-1.0801809921043266,-0.3364695650885148,1.4573364511386049,2.655258255278837,0.929576741917168,-0.2267319607507451,0.0661232697543927,-12.710918431015513,-0.2058862559267134,0.0,-0.0089468035845333,-0.0240107272161984,-4.9693628214757855,2.1268190161128766,-0.1445453155386955,0.0822746652201918,0.3595930822556497,-1.8337592609076108,2.570600195374626,1.244304000829038,0.3050550772061488,0.0,0.5255156052093941,4.2034705658172005,-5.698057350078592,8.654942383949754,-8.191941706174806,4.116869087272121,-4.62674331273082,-3.9027135922908496,-13.078118329345422,-60.20738381622638,24.23294144826956,1,1
48,-0.8240243896329936,-1.9170768830831384,-0.8048925749513092,-1.916689751625444,-1.2634730975902306,-1.0069083047789449,0.8096754884535524,-0.1878883859810705,-0.9935841745464322,-1.4517127625928832,1.3594872536836486,1.5745999335277885,1.8186289460049876,1.507611323881736,-0.2267319607507451,0.0661232697543927,-0.5358968890538307,-0.2058862559267134,0.0,-0.0089468035845333,-0.0233618258271627,-4.976970585124234,4.865629483036825,0.0886184353107406,0.0822746652201918,4.01631401009988,-6.890519727182409,1.3273529503689383,1.834930977541944,0.3050550772061488,0.0,-7.366354185796751,3.08242611927982,5.077889154418184,9.793256305999812,-8.75186810775069,2.866089226795617,-5.267966744286634,5.9602476631408,-24.291454066684164,-28.426477934534503,34.3078442854192,1,1
49,-0.7840486741099686,0.3473541913694669,-0.7926606135257832,0.3400519125023759,-1.2634730975902306,0.359687241301645,0.4467025136855602,0.9948754606579516,-0.2749266959459281,-0.8494521638945997,-0.1780462318800786,0.0823389837516338,3.8264428363252,1.4501439519841537,-0.2267319607507451,0.0661232697543927,-19.08891957268833,-0.2058862559267134,0.0,1.0801961371970146,-4.823372178337397,1.3129192516973405,-0.2789045624541373,-1.111749253799669,-0.9198610970555507,1.669365602633091,-2.2522299621792623,1.4284710272003318,-0.0150570059620577,0.3050550772061488,0.0,2.587278528987847,9.114953423956427,0.0272349752029992,6.621075672280992,-9.690935717508928,4.358555307985035,4.849732751713513,6.7069688981951785,-35.22342526702972,-20.26807795599329,44.93682473227808,1,1
50,0.5562548408127708,1.3013248751208906,0.54359959905309,1.3011432225621955,2.1720494236815964,0.9931390924613914,-0.8686736484519525,0.6933825917751766,0.6016148149011334,0.326421587717332,0.8146233954174191,-0.2758461609257096,3.783367970829751,0.1822400637185679,-0.2267319607507451,0.0661232697543927,-16.222940137882702,-0.2058862559267134,0.0,-0.0089468035845333,-0.0240107272161984,1.1911986900877842,-3.073908304952993,-2.038580517264946,0.0822746652201918,-2.9826555120583653,-1.5970657023147554,1.8055691626662584,3.31300143681221,0.3050550772061488,0.0,-7.1252576775011525,9.048437442821848,3.3420060495017943,7.908823616211787,-8.653601472243935,-3.209802218644504,5.372111003017936,6.868719921670333,-4.368622777914169,-6.492205563809819,22.063693493423315,0,0
51,-0.4713082072796696,0.3072226868155137,-0.4777758503128608,0.3025634126999689,-1.2634730975902306,0.9931390924613914,0.454106585991527,1.7933117501698423,-0.1859417302502615,0.5910631153056429,1.4963506841787564,-0.034954997891609,5.034198809346248,0.9980019981096208,-0.2267319607507451,0.0661232697543927,1.0150383566589305,-0.2058862559267134,0.0,12.211879190170732,1.4938569342611656,-3.838334354483636,-0.917201601136215,-4.674652198480198,0.0822746652201918,1.1379667184227715,1.5177368931649955,2.514002539556412,6.890603322074616,0.3050550772061488,0.0,1.861288146190356,-11.571027034373252,-4.735325406661032,2.689902508133301,5.628781088845329,5.00466673829536,0.5591936372901234,-1.23896558712817,-33.687916079695384,-15.56166935408642,42.64588862529513,1,1
52,0.8329306196440491,-0.0986747047381378,0.8384348694688595,-0.0918185407565888,0.6996826288508136,-1.0069083047789449,0.8510002574686892,-0.4114850590382737,-1.3425339534880874,-0.757934875680554,-1.5394812973988616,0.5452444087994518,5.371370779822084,-0.5315516288736034,-0.2267319607507451,0.0661232697543927,-11.824274070749016,-0.2058862559267134,0.0,-0.0089468035845333,-0.0240107272161984,3.512119797301083,3.386363447762088,-0.319069933189116,0.1431231677953915,0.0998201299540841,-8.315911247961708,5.712196152619605,0.1452142052885432,0.3050550772061488,0.0,0.5262434660604125,-3.860175310775688,3.972268010094691,10.593111789072648,-6.774630246866241,6.009554409276805,-5.2287410364851965,1.8106535755433724,-22.762130820084074,-73.43092260699177,23.368278427477694,0,0
53,-0.2485615299935318,1.233782504692703,-0.2651083276363782,1.2276047405812878,0.2088936972405525,0.9931390924613914,-0.9483191586019236,1.299917428771168,0.5019148780606606,0.8331106223684412,-1.1671750909827818,1.2514301757642408,0.226722754571801,-0.5315516288736034,-0.2267319607507451,0.0661232697543927,6.204693758419065,-0.2058862559267134,0.0,-0.0089468035845333,-0.0240107272161984,0.5488008049905808,-2.148330502362013,-3.804972453611553,0.0822746652201918,0.732058460459351,1.086190927824699,0.4789334929962443,6.533412935993285,0.3050550772061488,0.0,0.0257439116641089,9.935849893410497,-1.828658593613353,3.5914635655599936,-9.779810444421202,2.51742551191888,-4.332765295072197,5.528067140639857,-49.36511255397226,-37.07546494903996,4.083195789733228,0,0
54,0.1201781344532957,0.5634378095407538,0.1138879180283928,0.5624751807384923,-1.2634730975902306,-0.1675443293874069,-0.4556016704626264,1.29242792698078,-0.0224086975587597,-0.4141401664143267,-0.9078981514148404,-1.0025718814119395,0.1921495617863304,1.82646854884064,-0.2267319607507451,0.0661232697543927,-12.854882447146458,-0.2058862559267134,0.0,-7.7836759414617,-10.529806212550811,1.2187455016593205,-3.966873834844314,-6.179522144123062,-5.059324354350617,-2.0803009075401317,-7.709327106069848,4.923835807125727,5.632636641788227,0.3050550772061488,0.0,0.1706915991038027,-11.63555033142599,5.536082733627895,10.060142215175778,6.958454992610182,-0.7411150152040551,-0.23250633879712,3.186954706314369,-20.932803454303357,-15.38476189509393,17.624085268922236,1,1
55,-0.4758024738397782,0.6321561284077013,-0.4862848009338968,0.626315088977622,-1.2634730975902306,0.9931390924613914,-0.4025933320380318,-0.700644720942841,-0.1959846798226494,-1.589563886615449,0.416172090236165,-1.2954140531823926,0.4719604024169034,0.9980019981096208,-0.2267319607507451,0.0661232697543927,-14.181389588542942,-0.2058862559267134,0.0,-0.0089468035845333,-5.136292472922451,2.703686540412334,-1.4993482659414017,-7.076502357169693,0.0822746652201918,0.3486104558187168,-7.263532705878503,0.535685081132763,3.258187607615258,0.3050550772061488,0.0,-3.406228810965832,10.705406108157446,3.725932508311701,9.053085073256046,-10.692304419399507,-3.367529548850373,-3.9452845267181,11.89238946508976,-14.79235741976003,-24.97919102270754,44.89290428540112,1,1
56,1.5722589883076237,-0.3875708678287867,1.5850672801954122,-0.374156294788001,-1.7542620292004916,0.9931390924613914,0.1442702919459422,1.385325464151359,1.7481640885665717,-0.9474711792793914,0.2582556936945132,1.2250978251316555,1.4710902956110836,-0.5315516288736034,-0.2267319607507451,-1.642429702248897,1.7708907330568806,-0.2058862559267134,0.0,-0.0089468035845333,-0.0240107272161984,-4.7225025476442175,3.637797418541896,-3.3082104616585823,0.0822746652201918,0.1578728626770384,-5.826655606838767,0.2989083918794915,3.853017942687963,0.3050550772061488,0.0,1.41938914810331,-6.565919263053398,-6.346846178557771,9.180201943784857,5.031277143067488,-2.252228056655264,1.5600746761099409,1.5219025668794035,-18.457061321914523,-17.284756992383947,23.370296993403755,0,0
57,1.0359498327381016,2.1010878092618386,1.0167008769046173,2.1017318760712875,-1.2634730975902306,0.9931390924613914,-0.2669371526334545,-0.9385683842515824,1.104692241323476,-1.6326853983185476,0.5097557877205308,-0.7041482654833725,3.8625961336328207,0.5897765642416629,-0.2267319607507451,0.0661232697543927,-13.183941315088676,-0.2058862559267134,0.0,-0.0089468035845333,-0.0240107272161984,-5.315066251695907,3.415916977389461,-3.744702052898067,0.0822746652201918,-2.6901737548099467,-7.629203186498005,2.251263319294662,3.440418339685021,0.3050550772061488,0.0,-6.437339691399013,6.32492127716573,-5.838711810405657,0.8956954241237922,-8.847088427514503,-0.905311485909254,1.2067655550375465,-0.5212529973555453,-47.332835196445664,-13.319651098971548,13.789865810947742,1,0
58,-0.3410544616628659,1.096221532009576,-0.3564579649516339,1.0897998559478956,-1.2634730975902306,0.9931390924613914,0.3246208429056272,-1.4104156601953417,0.4666714451735584,0.5631900604511246,-0.4909155792330701,1.2445764285817793,-0.0098651335341517,0.9980019981096208,-0.2267319607507451,0.0661232697543927,-3.564481274174014,-0.2058862559267134,0.0,-0.0089468035845333,-0.0240107272161984,-1.7977417990405486,-1.033373727378057,-2.0458320043142217,0.0822746652201918,4.898147134457907,1.1550967418940914,4.20020165731449,3.653501059327122,0.3050550772061488,0.0,-1.1854358283257964,10.745272361193086,3.2876053562142182,2.539002592335696,-13.507243713511006,-1.0499880555099392,4.170532292015447,-4.177754427904558,-39.00189160582634,-57.96817442550408,44.72674004545737,1,0
59,-0.4401367811866846,0.443281699811999,-0.44810290795915,0.4383881075823483,-1.2634730975902306,0.9931390924613914,-0.9876092852179402,0.7224926066618522,-0.1776129098313375,0.5180514283321496,-0.9924016302073798,-0.9428296362153196,0.4403529919919141,0.7940615145118576,-0.2267319607507451,0.0661232697543927,-13.027644189830196,-0.2058862559267134,0.0,13.827449924963016,-0.0240107272161984,-3.4960017302718622,-0.6389961862875921,-5.675649964337629,0.0822746652201918,-3.953789787950931,-3.220580563258713,1.3067799710882977,1.2792969226886974,0.3050550772061488,0.0,1.1329686340122471,5.837317398634008,3.244083336197999,3.874371824280422,-7.153512284717185,2.7928376221639706,-2.233886437986378,-3.3160507115148894,-36.224944471656784,-75.26043127553677,26.057401028397138,1,1
60,0.5858860508554603,1.600631490816473,0.5698381119286419,1.5996212113481427,-1.2634730975902306,-1.0069083047789449,-0.543654411351099,1.1652906554490707,0.7402703126348761,0.7931679511436034,-1.131257476982502,-0.3806838484380287,0.3636274671902974,1.6314332861030565,-0.2267319607507451,0.0661232697543927,-7.758751419312961,-0.2058862559267134,0.0,0.8387605906342619,-5.272672882933241,-5.370579281539705,2.480933144312093,-5.1828530380781,-11.252470754491444,3.9261734691936807,-5.194904294680244,4.546108014192021,6.366044647051853,0.3050550772061488,0.0,3.2810232358796725,-4.980314621530993,5.183697090151405,10.388327487298834,3.87919946382517,6.559687357494496,-2.111854007371023,14.424077270464268,-10.172701876987148,-27.51904282671159,13.42371363023888,1,1
61,1.8961601160151225,-0.3216129306294714,1.909922986784756,-0.306041110338255,0.2088936972405525,0.9931390924613914,1.2076424529450196,-0.6128635935011895,1.7481640885665717,-1.652930140278948,0.695401745048225,-0.6612560201844588,4.033924941029007,-0.5315516288736034,-0.2267319607507451,0.0661232697543927,-5.176699036348349,-0.2058862559267134,0.0,-0.0089468035845333,-0.0240107272161984,3.2733600989764198,-3.453080099447428,-5.779133684224595,0.0822746652201918,2.091118762511038,3.9246893841860704,3.369151273678538,7.436076399015578,0.3050550772061488,0.0,-6.507735110723413,7.910669945322512,-0.8182099099723903,6.208638561323846,-2.3100824905847315,-0.1258571282096099,-0.3562762325033093,-4.546768076740941,-29.802002762142067,-22.86863251415074,23.49980399054037,0,0
62,-0.9994647258634728,0.8562945952938206,-1.0156806797716618,0.8455006632003053,-1.2634730975902306,0.9931390924613914,1.443240858722226,0.4030301708786648,0.3025150043797149,-0.0226938488625165,0.4642790719640855,1.4261812299623071,4.811630466566649,2.425585383293964,-0.2267319607507451,0.0661232697543927,-14.222182494393948,-0.2058862559267134,0.0,-10.183311088468631,4.807163575194459,2.004223890005988,-3.231223940350813,-4.798521917067198,-13.973729429650936,1.4383034334998044,1.9990076718053569,4.112328336996858,7.377961488002411,0.3050550772061488,0.0,-6.132701943092078,-1.6751108499118192,-0.4327195441745228,9.666190309043367,-11.86521367703418,-0.0501455054522939,4.616344087458265,11.91567156707843,-42.16820792379505,-48.268731323798335,16.591988831442787,1,1
63,-0.8168658089602711,0.7819890585489386,-0.8311220588054553,0.7729154097709188,-1.2634730975902306,0.9931390924613914,-0.7245515994402785,0.6207824840182128,0.2851722517498716,-0.8621474891033103,0.4814282429930556,1.4512783984181463,5.832116023683786,1.928930595090008,-0.2267319607507451,0.0661232697543927,-6.464689627783155,-0.2058862559267134,0.0,10.324228639603888,5.641064430084931,-4.290159152651534,-0.2087757923616369,-4.998125528621544,-1.346182699770398,0.5003905096472145,-4.434708780183184,4.249991881228996,5.789794342876434,0.3050550772061488,0.0,0.4453564314342291,12.224563603511369,0.8551058587403215,3.0079587813323667,6.514858093948948,6.046555548955543,-3.4851709967189186,13.974672210118236,-42.281956687196086,-2.43812741186197,17.966781764558476,1,1
64,1.5291092457541744,-0.2986267431184951,1.5406626360831317,-0.2858446230340897,-0.7726841659799695,-1.0069083047789449,0.7803646547206031,-1.1336136700504933,1.7481640885665717,0.4494986078279774,0.8679593968983744,-1.0801797802483168,3.544873506043179,-0.5315516288736034,-0.2267319607507451,0.0661232697543927,-14.886594431538176,-0.2058862559267134,0.0,-0.0089468035845333,-0.0240107272161984,-5.318973647767892,5.031673656085092,-0.4136383936456145,0.0822746652201918,-0.0539390694337456,-5.549720109264269,1.4206348187384108,5.985471751881362,-3.5626954543043308,0.0,-4.071941949050414,1.8205122177652484,2.497141440202446,10.641191921596263,-3.412264968864946,3.796771694441185,-0.0083149877962371,11.975774171436884,-42.92266679518808,-44.04995974885525,13.793746947293537,0,0
65,2.3913167086877745,0.1945024337704143,2.4018981591922404,0.2118691119898557,0.6996826288508136,-1.0069083047789449,0.6440627878509493,1.1955076902000523,1.8478640254070444,1.2153237941430897,-0.7049297448145027,1.5745999335277885,5.548355222090447,-0.5315516288736034,-0.2267319607507451,0.0661232697543927,3.50577346088825,-0.2058862559267134,0.0,-0.0089468035845333,-0.0240107272161984,-0.2709029360402351,-3.287480260988328,-4.927865939039384,0.0822746652201918,0.8780073311133298,-4.80323859342605,0.7662383016025656,6.397904183104437,0.3050550772061488,0.0,-1.9118314045071685,-3.007942273135756,4.578820522857795,8.935091618223908,-12.688031060811213,4.516920737033511,-0.8649164526055424,-4.169658786311133,-53.985747477982166,-30.35957024872852,24.979064973018417,0,0
66,-0.3521500416312175,0.5127246076999362,-0.3604722275209087,0.5082738302892349,-1.2634730975902306,0.8873355667594143,0.2121981227027465,-0.741576250479465,-0.1801621475498522,-1.0653040780447711,-0.5008153417389551,0.4746348290028492,3.848761309335924,1.073521886085514,-0.2267319607507451,0.0661232697543927,-2.348898679578717,-0.2058862559267134,0.0,-1.4514319889167098,-8.520012638393936,2.0785343775576166,-0.1060949288620225,-3.707406628585623,-13.938632261229218,-4.077491897480488,3.7090627070437208,3.467000565019281,2.3681754598625746,0.3050550772061488,0.0,0.8600239401743277,8.548139781123792,2.8646993077806364,4.484112302769629,-9.063569286629534,-1.06945525292622,2.0808763948634,9.963164119758146,-49.96551799828605,-59.4036681015786,29.093156437671084,1,1
67,-0.4669573747621302,0.7264878079346138,-0.4785482415722154,0.7203817902326899,-1.2634730975902306,-0.5384089028917327,0.861899464345379,-0.1908367397668486,0.2526650359594784,0.8309786390158478,0.502592169728638,-1.1777589831164632,2.4916999944366043,0.9980019981096208,-0.2267319607507451,0.0661232697543927,-2.2646000294623505,-0.2058862559267134,0.0,12.31647959864393,2.730293478938817,-4.9234947440221575,2.081211864516172,0.1037540200918138,0.0822746652201918,1.128386083105327,-7.887652637157061,5.443021566804406,3.227005129237772,0.3050550772061488,0.0,-7.284274420274764,1.0948216938968471,-0.5620387605983082,6.688060156306436,-2.4844230426574043,2.175814898376851,-1.617993890649669,2.9678612607358668,-32.061423122516686,-28.56030716861441,21.34047257210901,1,1
68,-0.6917388625116635,0.8079240641886972,-0.7056040302749869,0.7997527610394534,-1.2634730975902306,-1.0069083047789449,0.8332441172627696,-1.2604250449266372,0.4052907845260736,-1.7306961164520445,1.59938805518693,1.5271865120458052,6.038932535764881,-0.1236706616780769,-0.2267319607507451,0.0661232697543927,-6.238854545085367,-0.2058862559267134,0.0,-0.0089468035845333,-0.0240107272161984,-4.502714300537363,-1.3403509901895938,-1.4150815162693746,0.0822746652201918,-2.4665323632023943,-2.5877696026677404,2.2469735600316527,4.935316811687444,0.3050550772061488,0.0,-3.368013201711274,-7.434023748828366,4.71439876798642,10.093261337636037,-0.5116129799242017,5.387493896399263,3.933503478166721,1.3935922199494826,-23.35464166911289,-84.87716518497311,0.893193514417952,1,1
69,-0.5975989572722623,-0.8619850738582313,-0.5903710277542451,-0.8635191574812557,0.6996826288508136,-1.0069083047789449,1.4265646249173098,-0.8035822131860308,-1.192984048227378,0.328060800379029,-0.8586629255537267,-1.4105310881843875,3.0096392421910263,-0.5315516288736034,-0.2267319607507451,0.0661232697543927,0.8335664190521612,-0.2058862559267134,0.0,-0.0089468035845333,-0.0240107272161984,-1.777083060771505,3.2378508774748296,-0.0571497291792386,0.0822746652201918,3.4789916761197563,0.4439086526082221,4.734432290067332,2.691988752094293,0.3050550772061488,0.0,1.1236483473540098,-6.794551821029836,-0.1160112992453852,6.117968415231277,-13.118452985227767,1.363710381235113,5.627844176740978,1.926631077277004,-19.65355160316119,-23.96276481747228,27.201541879728868,0,0
70,0.1503595571936911,-1.5421797912150663,0.1695750174625164,-1.5354729850905684,-1.2634730975902306,0.9931390924613914,-0.2325733442125341,0.3513395425570287,-1.0932841113869052,1.3239176816215523,1.0788189604968863,1.4989810575229752,0.0777103425393859,0.9980019981096208,-0.2267319607507451,0.0661232697543927,-13.288959282462676,-0.2058862559267134,0.0,-0.0089468035845333,-0.0240107272161984,0.8987113829701263,4.237142670619679,-6.055364403483775,0.0822746652201918,3.7306345873094857,0.2522745032813862,4.7068637183279,7.086751057364049,0.3050550772061488,0.0,-4.981472056946473,11.105245512959767,-2.6583847425099343,3.28432075486987,-3.9505957508079312,2.039706751397407,-1.313651435884597,16.25106899231846,-6.502954119461393,-17.89241001161639,24.644390170595603,1,0
71,0.4801274019407828,0.4805728486120142,0.4768269519885376,0.4827000602739598,0.2088936972405525,0.9931390924613914,0.2073149890142844,-1.2231244596304711,0.1031151306987691,0.6281867894312718,1.653358163804206,-1.0801797802483168,0.2677397928377815,-0.5315516288736034,-0.2267319607507451,0.0661232697543927,-11.521884171040744,-0.2058862559267134,0.0,-0.0089468035845333,-0.0240107272161984,-3.463630611636753,-1.637478427670584,-3.3434091384799984,0.0822746652201918,3.926042676818207,-6.009430103136709,2.171466547191669,4.783154748470272,0.3050550772061488,0.0,-3.4733526746429915,-7.753836375951642,3.137108670595964,3.0097427305874933,-1.6471247783707348,3.717156216683276,-3.4335482176231653,9.1796700114622,-2.247626352863243,-70.83430891913629,34.07697623937504,0,0
72,-0.3069746751934384,1.1935732664506695,-0.3233705069348399,1.187079205784564,-1.7542620292004916,0.9931390924613914,0.1280587005082261,1.576023893704312,0.5019148780606606,1.0137735422597132,-0.6045325655562339,1.5745999335277885,1.515087624160819,-0.5315516288736034,-0.2267319607507451,-5.450730025251731,-12.3211199322663,-0.2058862559267134,0.0,-0.0089468035845333,-0.0240107272161984,-2.267946650684204,-3.1629704177497526,-1.4100311008657709,0.0822746652201918,-3.5685516632769017,4.774845502816698,1.1108078983362812,5.507598061033366,0.3050550772061488,0.0,2.7139597523783845,1.422361362185976,2.477975122339,2.890513875803832,5.294432316379176,0.66512752911974,4.354318883372973,1.3858332128677224,-16.641943702139805,-81.20917290180144,44.17374041821309,0,0
73,-0.7784418182980539,-1.0561413075316533,-0.7696098717303405,-1.0584348323851742,-1.2634730975902306,0.9931390924613914,0.7516716767707843,1.6120730073539966,-0.5335253318470231,-1.2227627520192677,-0.3502274295048629,0.5388053612294921,3.458564844784789,1.5469595174238815,-0.2267319607507451,0.0661232697543927,-18.0681596251838,-0.2058862559267134,0.0,8.715559817396398,14.597314632354216,-0.4464328497148253,0.8980546683931676,-5.085649738111716,0.0822746652201918,1.3424817969412102,-3.5489547772967374,-0.1141286106149261,5.3472510306978425,0.3050550772061488,0.0,-6.120338234712542,-9.378319577936931,2.992893832084132,4.999649702247086,-12.937557938868355,-3.095571476520135,-0.0708346715329986,8.807262261752166,-26.06614395235317,-34.27682491356424,23.458028649102967,1,1
74,0.358655812447686,-0.8132837575446593,0.3701664178341498,-0.8075347321350358,0.6996826288508136,-1.0069083047789449,-0.2487988342463672,-1.198941180508486,-1.2926839850678509,0.043237066922386,-0.3253029107441739,-1.4320757387019574,5.681127381666749,-0.5315516288736034,-0.2267319607507451,0.0661232697543927,-18.93715799651438,-0.2058862559267134,0.0,-0.0089468035845333,-0.0240107272161984,-0.1551711188661784,1.822551161852416,-4.240687649973699,0.0822746652201918,-1.2749741312120495,2.811140263273005,4.087100438597345,2.701258235588383,0.3050550772061488,0.0,-2.813444768753688,-5.915123246185664,-4.828093775373151,9.757340211203733,-1.389158481200715,1.9233271509244672,2.1811279107726564,2.0198042082862946,-39.50704921069163,-80.93939431488869,33.53430542001103,0,0
75,-0.2936651975387409,-1.1417415671737277,-0.281481550125997,-1.1398986992220816,0.6996826288508136,-1.0069083047789449,0.8665001309772669,-0.9741452989693792,-1.192984048227378,0.0694951345178449,-0.7781360213569903,1.4046365794447373,1.9160939121002292,-0.5315516288736034,-0.2267319607507451,0.0661232697543927,-11.197160035606757,-0.2058862559267134,0.0,-0.0089468035845333,-0.0240107272161984,-1.5626573611317194,1.5703843539223683,-3.835699145471769,0.0822746652201918,4.277695222040054,0.5074001446023466,3.74834664134331,6.0687564566884,0.3050550772061488,0.0,-4.654484882899542,5.471665730403499,-4.817011680143104,5.851803836692262,-13.55820699629483,3.537926724840278,2.717778212845769,2.2549162922889483,-26.764065559604266,-50.659566074432085,23.93608097651716,0,0
76,-0.9622320861073016,0.1230123121478354,-0.969058220563546,0.1151019590289259,-1.2634730975902306,0.3938743447835027,-0.2340350834019486,-0.2538895210286289,-0.0260838244995924,0.280641026127808,-0.419197806237416,1.4421491591930482,3.169956777864805,1.936739598486458,-0.2267319607507451,0.0661232697543927,-17.66569120288746,-0.2058862559267134,0.0,12.154842617988976,5.629404665837178,-2.692408866985876,-1.090247919732569,-1.9276280252358504,-2.636992154398728,-0.1290175595445957,-8.086263866672915,3.003231956050177,0.952323513924302,0.3050550772061488,0.0,-4.065957751152546,-5.446946110432035,3.5739656029525264,2.032265657832177,-10.263222984212987,5.814098089210808,-5.765761317407236,-4.4001199065938446,-47.7322361922406,-7.991670578879336,14.405428526532129,1,1
77,-1.6494510829593776,-0.2105854994277128,-1.6558237481213796,-0.222860863210922,-0.7726841659799695,-1.0069083047789449,-0.8568684439374197,1.5214933983389227,-0.495084490344068,-1.2846393337620978,0.1787745934483837,-0.7617977225997847,2.933966029768292,-0.5315516288736034,-0.2267319607507451,0.0661232697543927,-0.8568873105071617,-0.2058862559267134,0.0,-0.0089468035845333,-0.0240107272161984,-0.080607345090482,1.877043013823302,-5.629406043572566,0.0822746652201918,-1.5114087837905572,-6.595303814403503,3.29422981873782,1.6732618452870387,0.1685462349175436,0.0,-2.0725459369573977,-2.169635250695702,2.334759945346514,0.6878784500716107,-3.2790081253862784,2.867758362321437,2.1249048826878143,0.3576098868907555,-33.1639246071862,-58.165355609076656,23.61274561984704,0,0
78,0.1364062991123126,0.6225043396117814,0.1294800926525955,0.6214825401176727,-0.2818952343697085,-1.0069083047789449,1.215469912567496,0.5891479391187429,0.1529650991190055,-1.2778422135109593,-0.7739528055545625,-0.3739940132835277,1.1493776307404122,-0.0217004198791953,-0.2267319607507451,0.0661232697543927,-1.0168029853401883,-0.2058862559267134,0.0,-0.0089468035845333,-0.0240107272161984,-1.7246946629480098,1.8954538618492276,-0.904727005030594,0.0822746652201918,-4.1152353746338,3.686769733783892,1.2241636728390508,0.548880485052658,0.3050550772061488,0.0,0.7262950999824032,-3.351074819738118,-1.789510707806884,3.042957018901637,0.6983778600814006,4.156868313203989,4.794809825239839,-4.280638320944016,-52.11265861968238,-46.07803952882045,15.598920293924431,0,0
79,0.3829471970854066,1.505289903995145,0.3668724445030455,1.5030548809447764,-1.2634730975902306,0.9931390924613914,-0.8710411095860482,-0.7581864391936706,0.7440821829814517,1.3271536293173636,-0.1793839715782867,0.1128660885561386,0.6477967852786106,0.9980019981096208,-0.2267319607507451,0.0661232697543927,-1.5411452062492366,-0.2058862559267134,0.0,2.5718623017211204,0.206075832064114,-2.225908586011452,2.7839871127363685,-3.356141325156408,-11.564304036312643,2.928031479699669,0.6644567737407368,0.9790750545284778,3.355127994253588,0.3050550772061488,0.0,1.491305099627196,-2.2349342993489945,-3.8128277755282993,8.082848962249763,-5.112102161786547,-1.3729212663913728,-6.082088476954627,-1.2906083889497155,-27.068723459873038,-20.23248486404012,22.285783462664494,1,1
80,-0.9117748831306676,-0.1868888751656265,-0.9144498675852611,-0.1933050013902433,-1.2634730975902306,0.9931390924613914,-0.5503841262021247,0.3002119612834777,-0.1543823971520718,-1.343117893688707,0.1710295302990476,0.9481229628707816,2.6709980311431565,0.9980019981096208,-0.2267319607507451,0.0661232697543927,-4.187226950379266,-0.2058862559267134,0.0,9.076948330379844,5.798569342662566,-0.014399042543844,5.0605086933609975,-4.738449104192499,0.0822746652201918,-1.2431566512394467,3.009943158428383,4.904539462396334,6.2040069616185125,0.3050550772061488,0.0,0.2140095002811657,-5.559175678333647,-5.887606118059213,4.830145847603892,5.728396363982864,-3.253755528115835,0.2932056038400281,11.895545259208172,-8.603947686559273,-72.65210539981175,21.286606399528377,1,1
81,0.7362581936534894,0.2730592507030926,0.7368165731889469,0.2778708267560135,-1.2634730975902306,-1.0069083047789449,-0.4145196926124632,0.7080321024169178,-0.7088787305371852,-0.9707751210283898,0.0461620448848717,-0.8388800588281984,2.0479621117314752,1.4873506806719627,-0.2267319607507451,0.0661232697543927,-10.895480084962816,-0.2058862559267134,0.0,0.3020184368404227,10.935557057246424,3.666315203595693,0.77310163217685,-0.6760117802077348,-0.6686032559458138,-0.1400568725877669,-3.9998667639196928,2.5721313434709208,4.00460658959042,0.3050550772061488,0.0,-1.1071689424553552,2.956353469755955,4.711563436881974,8.876039845560731,3.007222662362036,-1.0396970087692017,-3.009834162333331,1.2212927636107225,-32.60470425857413,-57.89730033409729,7.033944955704297,1,1
82,-0.2755957349040169,0.8942118092811138,-0.2881877404553695,0.8890118962408982,-1.2634730975902306,0.9931390924613914,0.1901851663283911,1.0056740742339167,0.2807160654235621,-0.4323991120841257,1.0639986865779452,1.4897303455793327,4.069281204220106,0.4137193177248139,-0.2267319607507451,0.0661232697543927,-6.185840992875843,-0.2058862559267134,0.0,-0.0089468035845333,-0.0240107272161984,1.9022652426023088,-0.0697908076105093,-7.424927500470077,0.0822746652201918,2.647781553255692,-5.1129102169771485,4.713220945816392,1.6799991099807354,0.3050550772061488,0.0,-0.5383365028948957,11.40090611337826,-4.90390555434478,0.9233764080435511,-4.251024228270198,0.3238409217144125,-3.1205841786739703,-1.9872574064804711,-17.768696239929284,-56.68686092746877,43.95054930595053,1,1
83,-0.2893445990824366,0.7651017687951208,-0.3004033155487112,0.7602581962732764,0.2088936972405525,0.9931390924613914,0.8727287633120369,-0.4412533254261293,0.202815067539242,-0.6464739522898211,-1.339732742832931,0.2627701020135362,4.400868970942216,-0.5315516288736034,-0.2267319607507451,0.0661232697543927,-16.354537814549367,-0.2058862559267134,0.0,-0.0089468035845333,-0.0240107272161984,1.3643388155542606,2.1853686668980536,-0.9387230146349576,0.0822746652201918,2.5073660512302087,-0.8530102155783066,2.1410640491725363,2.772955974714207,0.3050550772061488,0.0,-6.785543938722188,5.59364998344198,0.000874647609292,0.2296458908793574,-11.455602514757064,1.3148942629804932,0.541819483405698,16.075700250930463,-50.603217317014014,-46.15810666885592,23.114431154125366,0,0
84,0.3314933318311486,0.6613861447499491,0.3252189746531547,0.6617191598552267,-1.2634730975902306,0.9931390924613914,1.1535393858464968,0.1781905932450249,0.7717157787643018,-1.6340668063226786,0.8222823553853689,0.8379570971840654,3.4455050784590417,0.4859692774181607,-0.2267319607507451,0.0661232697543927,-7.155381237669346,-0.2058862559267134,0.0,-0.0089468035845333,-0.0240107272161984,-3.62094533911794,0.3054662389417464,-3.894365868955637,0.0822746652201918,3.873543707675631,0.8540092959554979,2.6968572866653,6.264760817512473,0.3050550772061488,0.0,-4.170114582264166,6.030950119739272,-0.3592123627372272,3.340832822464086,2.0646829847200205,-1.3554995826635454,-4.218996551375772,9.267664782588302,-43.5055145799005,-56.936675507981874,30.561057874515743,1,1
85,0.1398658569733818,-1.5464675530416774,0.1590817095744172,-1.539826735903152,-1.2634730975902306,0.9931390924613914,0.8491429192480922,-0.801304262522806,-1.0932841113869052,0.7823373791082702,1.0253673021226408,1.496441275103197,1.1463805643001348,0.9980019981096208,-0.2267319607507451,0.0661232697543927,-14.881329518353496,-0.2058862559267134,0.0,-0.0089468035845333,-0.0240107272161984,3.2715185670710616,-2.88850866138376,-6.37211651668179,0.0822746652201918,1.5018938946888518,-2.5955333871146227,0.8667118423927266,1.5361492360657991,0.3050550772061488,0.0,-3.074027450959906,0.6253959662449429,0.9403725598331488,6.322521910192323,-5.055342685042749,1.3899084438078804,3.8783631077777256,2.0115635408287886,-1.0774292007152368,-35.893445582928024,17.451686474311007,1,0
86,-0.46817704438531,0.6378087286089171,-0.4786859410661048,0.6320078737550067,-1.2634730975902306,0.9931390924613914,-0.7174812442685237,0.3773013093870263,-0.1959846798226494,-0.1276491262919721,0.416172090236165,0.9506692130741894,3.2699946379240368,0.9980019981096208,-0.2267319607507451,0.0661232697543927,-20.15396826908067,-0.2058862559267134,0.0,-0.0089468035845333,-5.136292472922451,1.6702798035809483,-3.4431685219490857,-6.5780959042363145,0.0822746652201918,-3.7419381059993606,1.5554377328058102,0.4921349233403981,5.03536308325871,0.3050550772061488,0.0,-5.670923658472461,-2.283900804008889,3.95055020230124,0.1643591307497046,3.999970982224895,-3.0994808472107014,2.249520893384342,15.482680794397009,-13.594802406744648,-11.116884553003018,31.81237923339622,1,1
87,0.2315337130267178,-1.5506057505055333,0.2512435095410889,-1.5432425803228609,-1.2634730975902306,0.9931390924613914,0.7349511495340499,0.6951448464443222,-1.0932841113869052,-1.196622202947932,0.4103970088000581,-0.8657260922051467,0.5921264562394826,0.9980019981096208,-0.2267319607507451,0.0661232697543927,4.296876495521033,-0.2058862559267134,0.0,-0.0089468035845333,-0.0240107272161984,-1.3491547518705789,-2.912806790510865,-4.944200321514126,0.0822746652201918,2.357297120559036,-1.7309015940039725,3.190298410130648,6.7345814812244456,0.3050550772061488,0.0,0.3636397980116816,4.599972602987085,-3.9369434958323497,10.098607066471107,0.7128932885927863,6.471480914834053,1.4382309313504296,-3.070721153380129,-11.794068758409152,-29.0887735836657,18.593700866768028,1,1
88,-0.7395432201056722,-1.0148590300069278,-0.7311488347256501,-1.016978683612351,0.2088936972405525,0.9931390924613914,-0.0777125510213935,-1.0913570169774112,-1.192984048227378,-0.7619304821532722,-0.0554854914875766,-0.0963074066126276,3.415694885925738,-0.5315516288736034,-0.2267319607507451,0.0661232697543927,-16.95769817753333,-0.2058862559267134,0.0,-0.0089468035845333,-0.0240107272161984,0.0496982854523908,4.275489054901575,0.1781959377772795,0.0822746652201918,2.817680330299787,-2.048568078932869,0.1424657672542569,6.794037678730361,0.3050550772061488,0.0,-7.046312907499154,-10.336242120834314,0.6436487288465713,5.508330493000091,-6.922658039237497,3.995552267955176,5.119922421274553,1.3668781723507075,-52.81153865880949,-56.57469828508119,18.023642033801053,0,0
89,-0.2046923745609938,-1.495483363328547,-0.1877655815001247,-1.491699567094045,-0.7726841659799695,-1.0069083047789449,1.25780650811694,-0.2604549371897309,-1.0932841113869052,1.5725473818663724,-0.4330207176566915,0.5643952092595139,6.061990322948772,-0.5315516288736034,-0.2267319607507451,0.0661232697543927,3.067519805834479,-0.2058862559267134,0.0,-0.0089468035845333,-0.0240107272161984,-2.0134422529747384,-2.1615746686957245,-0.3955192475683562,0.0822746652201918,3.5481667846832936,0.7581994667643226,2.131760459745525,2.8245395633236927,-3.653701349163401,0.0,2.0879219008156262,7.040425455833132,4.120550965864403,6.71390381853618,-12.776458969798488,-1.8724104278869425,0.2528460108072163,-3.5303964570265407,-25.28662724390596,-37.54973736916883,21.62233124198022,0,0
90,0.0318475546532476,-1.4595713000551658,0.0494912800616165,-1.4540726014901937,0.2088936972405525,0.9931390924613914,0.2080584244614989,-1.3894443631940767,-1.0932841113869052,-1.3337740689998627,0.448592012704981,-1.125662931340964,3.4676801940361317,-0.5315516288736034,-0.2267319607507451,0.0661232697543927,-9.114195367988208,-0.2058862559267134,0.0,-0.0089468035845333,-0.0240107272161984,-1.2240287058712331,-3.257060801066539,-6.664987403032924,0.0822746652201918,-1.6425140802085796,-2.344749311791862,2.55154340555196,2.3783522443174,0.3050550772061488,0.0,-3.620595485865473,3.5567287690470337,5.031051192258337,6.836697920008013,-13.258412731833245,6.967261143106337,-4.217496312703787,-0.8556099706159261,-25.45212697266405,-48.50159573983459,8.175401521807515,0,0
91,-0.8047010065072158,0.247424187951215,-0.8122591267276016,0.2403326528821256,-1.2634730975902306,0.6420792462213135,0.5201515292247707,0.7661632433869285,0.075016206554461,1.3039887087036055,1.1374385773262818,-0.0275183868671586,2.0443236175562665,1.2485796616136036,-0.2267319607507451,0.0661232697543927,-14.588948491353747,-0.2058862559267134,0.0,-7.636873092211241,11.065137293858715,-5.349612988349991,2.3752436546779725,-0.4728999257047421,-0.7204136981212634,3.666545992925119,2.18362826395545,1.1713497102360906,3.5509945144579014,0.3050550772061488,0.0,-2.0203537940077325,7.5852629521510035,-0.2352632306631292,7.261714838705183,-3.016715388004084,5.518199729820032,4.6866052559475095,3.297260122773276,-8.24413792558866,-76.05025439349822,29.183282231466407,1,1
92,-1.714247211413949,-0.6315610938334587,-1.7156157945804504,-0.6428778499108739,-0.2818952343697085,0.9931390924613914,0.9243822985940278,1.081099406693848,-0.495084490344068,1.133647739782054,0.2226983593738763,-1.0753920801333012,4.281348173740263,1.0999722399085026,-0.2267319607507451,0.0661232697543927,-8.331864246261242,-1.522378238206603,0.0,-0.0089468035845333,-0.0240107272161984,4.00158455804847,2.01806456525204,-2.242618907491104,0.0822746652201918,-2.350327220494082,-6.546920788529071,4.255285414486437,0.2588406464271491,0.3050550772061488,0.0,0.8611925068144295,-2.405818237070063,-2.942989761909774,7.122540615254041,-8.522871212570703,-0.7990356157085121,-0.606116035367803,1.307955357201549,-17.66668565413125,-2.923285249776299,4.516383916690089,0,0
93,1.856785860784412,-0.194478461162717,1.8688862022755144,-0.1796421152685841,-0.7726841659799695,-1.0069083047789449,-0.2537735764873023,0.1396567390436345,1.7481640885665717,-1.5921879611862235,0.911883162823867,-0.491292666101408,3.528061805804997,-0.5315516288736034,-0.2267319607507451,0.0661232697543927,5.42059032597869,-0.2058862559267134,0.0,-0.0089468035845333,-0.0240107272161984,0.8829786812462528,-0.5331580671221361,-0.8626729820906531,0.0822746652201918,-3.796498743792791,-0.7524734953736445,2.5161686837065065,0.704137071787895,-3.653701349163401,0.0,2.877812050915894,-3.3326525067203114,-0.3794062611807467,6.446579542752926,-5.878151641087898,6.773330503084732,1.8868708772274416,7.652158311913425,-44.94553377146054,-6.769673137209821,12.590594242182137,0,0
94,-0.9685397867394788,-1.2931914461347929,-0.9578374552848314,-1.296153374429025,-1.2634730975902306,0.9931390924613914,-0.0121141837624192,0.9465792164163348,-0.7443343324452502,-0.3717267834980333,1.127318776648902,-0.6612560201844588,6.094949095644941,0.9980019981096208,-0.2267319607507451,0.0661232697543927,0.2041545311303032,-0.2058862559267134,0.0,2.617707821310815,5.798569342662566,2.5073680551847,-1.542244409332211,-4.831100997255748,-13.852032424500536,-1.0035608987408526,0.6634381173292798,4.3629444130072494,3.378386725456204,0.3050550772061488,0.0,-0.8390607968418156,-2.004749550297751,-3.9256435050441,9.652435849861462,-1.2759871304139825,3.0524326273875344,2.3882092061690967,1.9655850398127093,-39.09539233088671,-0.3669879144033814,26.2402445128056,0,0
95,0.2343132661457581,0.5268167065334366,0.2290983734341259,0.5268598624061206,-1.2634730975902306,0.9931390924613914,0.705685545943094,0.7529293491889715,-0.0124318046532199,-0.3451312676333469,-0.887995200052324,0.9374199366684048,1.7697288592661269,1.874087591202729,-0.2267319607507451,0.0661232697543927,-15.606261926731635,-0.2058862559267134,0.0,-7.545710083480932,-10.529806212550811,4.048241111727717,2.6836787472994814,-1.6670694280677516,-0.5759137283793313,-1.5916719593279267,-6.776279791722585,0.6200703585112219,0.3222223788441439,0.3050550772061488,0.0,-3.8752943860604905,2.3134982781058167,-1.6565323971872346,4.156689212612688,5.744610682297992,-2.048114834128088,-5.233654029884573,12.01803743767596,-29.57064998838604,-31.52206790313106,45.34168184661527,1,1
96,-0.806166237387737,-1.8249030661820365,-0.788089338373887,-1.8246986100482077,-1.2634730975902306,-1.0069083047789449,-0.6280220834263419,1.5999103479298844,-0.9935841745464322,-0.9648014324443092,-0.1173469327525069,0.0498435678884754,3.2741964516772635,2.036646667701991,-0.2267319607507451,0.0661232697543927,-16.244367804800074,-0.2058862559267134,0.0,-0.0089468035845333,-0.0240107272161984,-3.709662162487046,4.014171205391973,0.1640552334192335,0.0822746652201918,0.3662497827437168,-4.535220833769419,2.1553482654004976,5.455982553663677,0.3050550772061488,0.0,-1.0950429300092033,-6.109807631179288,0.9997250719830432,3.2987775738065426,-6.921506461883092,6.461887207807563,5.356847550171991,2.9775379670662208,-8.090903284630137,-11.830519550868942,26.6708142557882,1,1
97,-0.9397696230439948,-1.333488669410342,-0.9284252467982386,-1.336078917641286,-0.2818952343697085,0.9931390924613914,-0.5617375426253476,0.1448276055280557,-0.7443343324452502,0.3070954566873087,1.0969904620813,1.2250978251316555,1.5200980529014043,2.323615141495082,6.46713945208419,0.0661232697543927,-9.742560202369098,-0.2058862559267134,0.0,-0.0089468035845333,-0.0240107272161984,-0.2497940129961708,3.257465912330492,-3.937765739624908,0.0822746652201918,3.172669824329727,0.6203677725037604,4.53733518433889,5.2431052600725545,0.3050550772061488,0.0,-0.8268127845700333,-8.366131284717683,-3.958482885999243,1.6830256661529386,-3.9116705205952087,0.92741950388604,-4.521791631136648,11.246880735557838,-11.427316514802058,-53.06210935036405,4.096744390920323,0,0
98,-0.4784438271476311,0.6304792045149851,-0.4889203989887908,0.6246232528326113,-1.2634730975902306,0.9931390924613914,-0.8197240248567434,-0.8525379624849168,-0.1959846798226494,0.8555527673943941,0.416172090236165,-1.1353592181126704,-0.0288093423681204,0.9980019981096208,-0.2267319607507451,0.0661232697543927,-15.888517647672678,-0.2058862559267134,0.0,-0.0089468035845333,-5.136292472922451,1.9448754938872224,-0.7347306965772615,-4.819481654989881,0.0822746652201918,0.2670718435713883,-2.0457817741797504,5.421344862063422,5.510251860135363,0.3050550772061488,0.0,-6.956321589735144,8.697113716222374,3.228557202476031,2.2556584944640257,3.8599739728782936,5.085464929149359,-3.790384422895812,-0.4249355544890143,-48.10708355968857,-45.72516213133851,0.4742341993182317,1,1
99,0.2669638122384453,-1.5217842848724972,0.2864999457197953,-1.5142496012411089,-1.2634730975902306,0.2373797159859771,0.826850503333894,0.5963043657728075,-1.0932841113869052,1.2241111367203907,0.1299731556146834,-0.9886487866841772,0.3134634802995723,1.190659848286832,-0.2267319607507451,0.0661232697543927,-21.012228013545265,-0.2058862559267134,0.0,-0.0089468035845333,-0.0240107272161984,-2.8565083398898192,-1.5323915699630914,-7.324555791072409,0.0822746652201918,-2.8748068174509656,-5.84016531038619,0.8922214614593064,1.466636391493368,0.3050550772061488,0.0,-4.997791469216399,-3.720706932012988,6.164559944080038,4.363484192705403,-3.413525761605067,5.270944198076449,-3.986877228696085,6.510473195647583,-38.07877027662608,-27.112629688649832,17.324973052673432,1,1
100,-0.1365571676881247,-1.4613918954182128,-0.119712529372717,-1.4571963676051245,0.6996826288508136,-1.0069083047789449,0.1252450578719279,1.8982627565320491,-1.0932841113869052,-0.408306239022568,0.973585595909678,-0.3237231620758648,0.3921668432331068,-0.5315516288736034,-0.2267319607507451,0.0661232697543927,-21.92063315774706,-0.2058862559267134,0.0,-0.0089468035845333,-0.0240107272161984,2.2545111613765414,-2.1359433340253178,-1.4210844487906762,0.0822746652201918,-2.7647188415641093,1.7162507601213566,2.445081605551148,4.266029325726579,0.3050550772061488,0.0,-3.1789767566419744,-0.8620556978958049,-6.351851410935873,9.511911956728069,-13.62528192362361,2.568769079599167,0.0664983579479345,2.644073517813821,-24.304179163584223,-83.8646770294364,5.601698125871559,0,0
